Disease,Symptom_1,Symptom_2,Symptom_3,Symptom_4,Symptom_5,Symptom_6,Symptom_7,Symptom_8,Symptom_9,Symptom_10,Symptom_11,Symptom_12,Symptom_13,Symptom_14,Symptom_15,Symptom_16,Symptom_17,symptom_list,symptoms_text,severity_score,num_symptoms
Fungal infection,itching, skin_rash, nodal_skin_eruptions, dischromic _patches,,,,,,,,,,,,,,"['itching', 'skin_rash', 'nodal_skin_eruptions', 'dischromic _patches']",itching  skin_rash  nodal_skin_eruptions  dischromic _patches,8,4
Fungal infection, skin_rash, nodal_skin_eruptions, dischromic _patches,,,,,,,,,,,,,,,"['skin_rash', 'nodal_skin_eruptions', 'dischromic _patches']", skin_rash  nodal_skin_eruptions  dischromic _patches,7,3
Fungal infection,itching, nodal_skin_eruptions, dischromic _patches,,,,,,,,,,,,,,,"['itching', 'nodal_skin_eruptions', 'dischromic _patches']",itching  nodal_skin_eruptions  dischromic _patches,5,3
Fungal infection,itching, skin_rash, dischromic _patches,,,,,,,,,,,,,,,"['itching', 'skin_rash', 'dischromic _patches']",itching  skin_rash  dischromic _patches,4,3
Fungal infection,itching, skin_rash, nodal_skin_eruptions,,,,,,,,,,,,,,,"['itching', 'skin_rash', 'nodal_skin_eruptions']",itching  skin_rash  nodal_skin_eruptions,8,3
Allergy, continuous_sneezing, shivering, chills, watering_from_eyes,,,,,,,,,,,,,,"['continuous_sneezing', 'shivering', 'chills', 'watering_from_eyes']", continuous_sneezing  shivering  chills  watering_from_eyes,16,4
Allergy, shivering, chills, watering_from_eyes,,,,,,,,,,,,,,,"['shivering', 'chills', 'watering_from_eyes']", shivering  chills  watering_from_eyes,12,3
Allergy, continuous_sneezing, chills, watering_from_eyes,,,,,,,,,,,,,,,"['continuous_sneezing', 'chills', 'watering_from_eyes']", continuous_sneezing  chills  watering_from_eyes,11,3
Allergy, continuous_sneezing, shivering, watering_from_eyes,,,,,,,,,,,,,,,"['continuous_sneezing', 'shivering', 'watering_from_eyes']", continuous_sneezing  shivering  watering_from_eyes,13,3
Allergy, continuous_sneezing, shivering, chills,,,,,,,,,,,,,,,"['continuous_sneezing', 'shivering', 'chills']", continuous_sneezing  shivering  chills,12,3
GERD, stomach_pain, acidity, ulcers_on_tongue, vomiting, cough, chest_pain,,,,,,,,,,,,"['stomach_pain', 'acidity', 'ulcers_on_tongue', 'vomiting', 'cough', 'chest_pain']", stomach_pain  acidity  ulcers_on_tongue  vomiting  cough  chest_pain,28,6
GERD, stomach_pain, ulcers_on_tongue, vomiting, cough, chest_pain,,,,,,,,,,,,,"['stomach_pain', 'ulcers_on_tongue', 'vomiting', 'cough', 'chest_pain']", stomach_pain  ulcers_on_tongue  vomiting  cough  chest_pain,25,5
GERD, stomach_pain, acidity, vomiting, cough, chest_pain,,,,,,,,,,,,,"['stomach_pain', 'acidity', 'vomiting', 'cough', 'chest_pain']", stomach_pain  acidity  vomiting  cough  chest_pain,24,5
GERD, stomach_pain, acidity, ulcers_on_tongue, cough, chest_pain,,,,,,,,,,,,,"['stomach_pain', 'acidity', 'ulcers_on_tongue', 'cough', 'chest_pain']", stomach_pain  acidity  ulcers_on_tongue  cough  chest_pain,23,5
GERD, stomach_pain, acidity, ulcers_on_tongue, vomiting, chest_pain,,,,,,,,,,,,,"['stomach_pain', 'acidity', 'ulcers_on_tongue', 'vomiting', 'chest_pain']", stomach_pain  acidity  ulcers_on_tongue  vomiting  chest_pain,24,5
GERD, stomach_pain, acidity, ulcers_on_tongue, vomiting, cough,,,,,,,,,,,,,"['stomach_pain', 'acidity', 'ulcers_on_tongue', 'vomiting', 'cough']", stomach_pain  acidity  ulcers_on_tongue  vomiting  cough,21,5
GERD, acidity, ulcers_on_tongue, vomiting, cough, chest_pain,,,,,,,,,,,,,"['acidity', 'ulcers_on_tongue', 'vomiting', 'cough', 'chest_pain']", acidity  ulcers_on_tongue  vomiting  cough  chest_pain,23,5
Chronic cholestasis,itching, vomiting, yellowish_skin, nausea, loss_of_appetite, abdominal_pain, yellowing_of_eyes,,,,,,,,,,,"['itching', 'vomiting', 'yellowish_skin', 'nausea', 'loss_of_appetite', 'abdominal_pain', 'yellowing_of_eyes']",itching  vomiting  yellowish_skin  nausea  loss_of_appetite  abdominal_pain  yellowing_of_eyes,26,7
Chronic cholestasis, vomiting, yellowish_skin, nausea, loss_of_appetite, abdominal_pain, yellowing_of_eyes,,,,,,,,,,,,"['vomiting', 'yellowish_skin', 'nausea', 'loss_of_appetite', 'abdominal_pain', 'yellowing_of_eyes']", vomiting  yellowish_skin  nausea  loss_of_appetite  abdominal_pain  yellowing_of_eyes,25,6
Chronic cholestasis,itching, yellowish_skin, nausea, loss_of_appetite, abdominal_pain, yellowing_of_eyes,,,,,,,,,,,,"['itching', 'yellowish_skin', 'nausea', 'loss_of_appetite', 'abdominal_pain', 'yellowing_of_eyes']",itching  yellowish_skin  nausea  loss_of_appetite  abdominal_pain  yellowing_of_eyes,21,6
Chronic cholestasis,itching, vomiting, nausea, loss_of_appetite, abdominal_pain, yellowing_of_eyes,,,,,,,,,,,,"['itching', 'vomiting', 'nausea', 'loss_of_appetite', 'abdominal_pain', 'yellowing_of_eyes']",itching  vomiting  nausea  loss_of_appetite  abdominal_pain  yellowing_of_eyes,23,6
Chronic cholestasis,itching, vomiting, yellowish_skin, loss_of_appetite, abdominal_pain, yellowing_of_eyes,,,,,,,,,,,,"['itching', 'vomiting', 'yellowish_skin', 'loss_of_appetite', 'abdominal_pain', 'yellowing_of_eyes']",itching  vomiting  yellowish_skin  loss_of_appetite  abdominal_pain  yellowing_of_eyes,21,6
Chronic cholestasis,itching, vomiting, yellowish_skin, nausea, abdominal_pain, yellowing_of_eyes,,,,,,,,,,,,"['itching', 'vomiting', 'yellowish_skin', 'nausea', 'abdominal_pain', 'yellowing_of_eyes']",itching  vomiting  yellowish_skin  nausea  abdominal_pain  yellowing_of_eyes,22,6
Chronic cholestasis,itching, vomiting, yellowish_skin, nausea, loss_of_appetite, yellowing_of_eyes,,,,,,,,,,,,"['itching', 'vomiting', 'yellowish_skin', 'nausea', 'loss_of_appetite', 'yellowing_of_eyes']",itching  vomiting  yellowish_skin  nausea  loss_of_appetite  yellowing_of_eyes,22,6
Chronic cholestasis,itching, vomiting, yellowish_skin, nausea, loss_of_appetite, abdominal_pain,,,,,,,,,,,,"['itching', 'vomiting', 'yellowish_skin', 'nausea', 'loss_of_appetite', 'abdominal_pain']",itching  vomiting  yellowish_skin  nausea  loss_of_appetite  abdominal_pain,22,6
Drug Reaction,itching, skin_rash, stomach_pain, burning_micturition, spotting_ urination,,,,,,,,,,,,,"['itching', 'skin_rash', 'stomach_pain', 'burning_micturition', 'spotting_ urination']",itching  skin_rash  stomach_pain  burning_micturition  spotting_ urination,15,5
Drug Reaction,itching, stomach_pain, burning_micturition, spotting_ urination,,,,,,,,,,,,,,"['itching', 'stomach_pain', 'burning_micturition', 'spotting_ urination']",itching  stomach_pain  burning_micturition  spotting_ urination,12,4
Drug Reaction,itching, skin_rash, burning_micturition, spotting_ urination,,,,,,,,,,,,,,"['itching', 'skin_rash', 'burning_micturition', 'spotting_ urination']",itching  skin_rash  burning_micturition  spotting_ urination,10,4
Drug Reaction,itching, skin_rash, stomach_pain, spotting_ urination,,,,,,,,,,,,,,"['itching', 'skin_rash', 'stomach_pain', 'spotting_ urination']",itching  skin_rash  stomach_pain  spotting_ urination,9,4
Drug Reaction,itching, skin_rash, stomach_pain, burning_micturition,,,,,,,,,,,,,,"['itching', 'skin_rash', 'stomach_pain', 'burning_micturition']",itching  skin_rash  stomach_pain  burning_micturition,15,4
Drug Reaction, skin_rash, stomach_pain, burning_micturition, spotting_ urination,,,,,,,,,,,,,,"['skin_rash', 'stomach_pain', 'burning_micturition', 'spotting_ urination']", skin_rash  stomach_pain  burning_micturition  spotting_ urination,14,4
Peptic ulcer diseae, vomiting, loss_of_appetite, abdominal_pain, passage_of_gases, internal_itching,,,,,,,,,,,,,"['vomiting', 'loss_of_appetite', 'abdominal_pain', 'passage_of_gases', 'internal_itching']", vomiting  loss_of_appetite  abdominal_pain  passage_of_gases  internal_itching,22,5
Peptic ulcer diseae, vomiting, indigestion, abdominal_pain, passage_of_gases, internal_itching,,,,,,,,,,,,,"['vomiting', 'indigestion', 'abdominal_pain', 'passage_of_gases', 'internal_itching']", vomiting  indigestion  abdominal_pain  passage_of_gases  internal_itching,23,5
Peptic ulcer diseae, indigestion, loss_of_appetite, abdominal_pain, passage_of_gases, internal_itching,,,,,,,,,,,,,"['indigestion', 'loss_of_appetite', 'abdominal_pain', 'passage_of_gases', 'internal_itching']", indigestion  loss_of_appetite  abdominal_pain  passage_of_gases  internal_itching,22,5
Peptic ulcer diseae, vomiting, indigestion, loss_of_appetite, passage_of_gases, internal_itching,,,,,,,,,,,,,"['vomiting', 'indigestion', 'loss_of_appetite', 'passage_of_gases', 'internal_itching']", vomiting  indigestion  loss_of_appetite  passage_of_gases  internal_itching,23,5
Peptic ulcer diseae, vomiting, indigestion, loss_of_appetite, abdominal_pain, internal_itching,,,,,,,,,,,,,"['vomiting', 'indigestion', 'loss_of_appetite', 'abdominal_pain', 'internal_itching']", vomiting  indigestion  loss_of_appetite  abdominal_pain  internal_itching,22,5
Peptic ulcer diseae, vomiting, indigestion, loss_of_appetite, abdominal_pain, passage_of_gases,,,,,,,,,,,,,"['vomiting', 'indigestion', 'loss_of_appetite', 'abdominal_pain', 'passage_of_gases']", vomiting  indigestion  loss_of_appetite  abdominal_pain  passage_of_gases,23,5
Peptic ulcer diseae, vomiting, indigestion, loss_of_appetite, abdominal_pain, passage_of_gases, internal_itching,,,,,,,,,,,,"['vomiting', 'indigestion', 'loss_of_appetite', 'abdominal_pain', 'passage_of_gases', 'internal_itching']", vomiting  indigestion  loss_of_appetite  abdominal_pain  passage_of_gases  internal_itching,27,6
AIDS, muscle_wasting, patches_in_throat, high_fever, extra_marital_contacts,,,,,,,,,,,,,,"['muscle_wasting', 'patches_in_throat', 'high_fever', 'extra_marital_contacts']", muscle_wasting  patches_in_throat  high_fever  extra_marital_contacts,21,4
AIDS, patches_in_throat, high_fever, extra_marital_contacts,,,,,,,,,,,,,,,"['patches_in_throat', 'high_fever', 'extra_marital_contacts']", patches_in_throat  high_fever  extra_marital_contacts,18,3
AIDS, muscle_wasting, high_fever, extra_marital_contacts,,,,,,,,,,,,,,,"['muscle_wasting', 'high_fever', 'extra_marital_contacts']", muscle_wasting  high_fever  extra_marital_contacts,15,3
AIDS, muscle_wasting, patches_in_throat, extra_marital_contacts,,,,,,,,,,,,,,,"['muscle_wasting', 'patches_in_throat', 'extra_marital_contacts']", muscle_wasting  patches_in_throat  extra_marital_contacts,14,3
AIDS, muscle_wasting, patches_in_throat, high_fever,,,,,,,,,,,,,,,"['muscle_wasting', 'patches_in_throat', 'high_fever']", muscle_wasting  patches_in_throat  high_fever,16,3
Diabetes , fatigue, weight_loss, restlessness, lethargy, irregular_sugar_level, blurred_and_distorted_vision, obesity, excessive_hunger, increased_appetite, polyuria,,,,,,,,"['fatigue', 'weight_loss', 'restlessness', 'lethargy', 'irregular_sugar_level', 'blurred_and_distorted_vision', 'obesity', 'excessive_hunger', 'increased_appetite', 'polyuria']", fatigue  weight_loss  restlessness  lethargy  irregular_sugar_level  blurred_and_distorted_vision  obesity  excessive_hunger  increased_appetite  polyuria,41,10
Diabetes , weight_loss, restlessness, lethargy, irregular_sugar_level, blurred_and_distorted_vision, obesity, excessive_hunger, increased_appetite, polyuria,,,,,,,,,"['weight_loss', 'restlessness', 'lethargy', 'irregular_sugar_level', 'blurred_and_distorted_vision', 'obesity', 'excessive_hunger', 'increased_appetite', 'polyuria']", weight_loss  restlessness  lethargy  irregular_sugar_level  blurred_and_distorted_vision  obesity  excessive_hunger  increased_appetite  polyuria,37,9
Diabetes , fatigue, restlessness, lethargy, irregular_sugar_level, blurred_and_distorted_vision, obesity, excessive_hunger, increased_appetite, polyuria,,,,,,,,,"['fatigue', 'restlessness', 'lethargy', 'irregular_sugar_level', 'blurred_and_distorted_vision', 'obesity', 'excessive_hunger', 'increased_appetite', 'polyuria']", fatigue  restlessness  lethargy  irregular_sugar_level  blurred_and_distorted_vision  obesity  excessive_hunger  increased_appetite  polyuria,38,9
Diabetes , fatigue, weight_loss, lethargy, irregular_sugar_level, blurred_and_distorted_vision, obesity, excessive_hunger,
 increased_appetite, polyuria,,,,,,,,,"['fatigue', 'weight_loss', 'lethargy', 'irregular_sugar_level', 'blurred_and_distorted_vision', 'obesity', 'excessive_hunger', 'increased_appetite', 'polyuria']", fatigue  weight_loss  lethargy  irregular_sugar_level  blurred_and_distorted_vision  obesity  excessive_hunger  increased_appetite  polyuria,36,9
Diabetes , fatigue, weight_loss, restlessness, irregular_sugar_level, blurred_and_distorted_vision, obesity, excessive_hunger, increased_appetite, polyuria,,,,,,,,,"['fatigue', 'weight_loss', 'restlessness', 'irregular_sugar_level', 'blurred_and_distorted_vision', 'obesity', 'excessive_hunger', 'increased_appetite', 'polyuria']", fatigue  weight_loss  restlessness  irregular_sugar_level  blurred_and_distorted_vision  obesity  excessive_hunger  increased_appetite  polyuria,39,9
Diabetes , fatigue, weight_loss, restlessness, lethargy, blurred_and_distorted_vision, obesity, excessive_hunger, increased_appetite, polyuria,,,,,,,,,"['fatigue', 'weight_loss', 'restlessness', 'lethargy', 'blurred_and_distorted_vision', 'obesity', 'excessive_hunger', 'increased_appetite', 'polyuria']", fatigue  weight_loss  restlessness  lethargy  blurred_and_distorted_vision  obesity  excessive_hunger  increased_appetite  polyuria,36,9
Diabetes , fatigue, weight_loss, restlessness, lethargy, irregular_sugar_level, obesity, excessive_hunger, increased_appetite, polyuria,,,,,,,,,"['fatigue', 'weight_loss', 'restlessness', 'lethargy', 'irregular_sugar_level', 'obesity', 'excessive_hunger', 'increased_appetite', 'polyuria']", fatigue  weight_loss  restlessness  lethargy  irregular_sugar_level  obesity  excessive_hunger  increased_appetite  polyuria,36,9
Diabetes , fatigue, weight_loss, restlessness, lethargy, irregular_sugar_level, blurred_and_distorted_vision, excessive_hunger, increased_appetite, polyuria,,,,,,,,,"['fatigue', 'weight_loss', 'restlessness', 'lethargy', 'irregular_sugar_level', 'blurred_and_distorted_vision', 'excessive_hunger', 'increased_appetite', 'polyuria']", fatigue  weight_loss  restlessness  lethargy  irregular_sugar_level  blurred_and_distorted_vision  excessive_hunger  increased_appetite  polyuria,37,9
Diabetes , fatigue, weight_loss, restlessness, lethargy, irregular_sugar_level, blurred_and_distorted_vision, obesity, increased_appetite, polyuria,,,,,,,,,"['fatigue', 'weight_loss', 'restlessness', 'lethargy', 'irregular_sugar_level', 'blurred_and_distorted_vision', 'obesity', 'increased_appetite', 'polyuria']", fatigue  weight_loss  restlessness  lethargy  irregular_sugar_level  blurred_and_distorted_vision  obesity  increased_appetite  polyuria,37,9
Gastroenteritis, vomiting, sunken_eyes, dehydration, diarrhoea,,,,,,,,,,,,,,"['vomiting', 'sunken_eyes', 'dehydration', 'diarrhoea']", vomiting  sunken_eyes  dehydration  diarrhoea,18,4
Gastroenteritis, sunken_eyes, dehydration, diarrhoea,,,,,,,,,,,,,,,"['sunken_eyes', 'dehydration', 'diarrhoea']", sunken_eyes  dehydration  diarrhoea,13,3
Gastroenteritis, vomiting, dehydration, diarrhoea,,,,,,,,,,,,,,,"['vomiting', 'dehydration', 'diarrhoea']", vomiting  dehydration  diarrhoea,15,3
Gastroenteritis, vomiting, sunken_eyes, diarrhoea,,,,,,,,,,,,,,,"['vomiting', 'sunken_eyes', 'diarrhoea']", vomiting  sunken_eyes  diarrhoea,14,3
Gastroenteritis, vomiting, sunken_eyes, dehydration,,,,,,,,,,,,,,,"['vomiting', 'sunken_eyes', 'dehydration']", vomiting  sunken_eyes  dehydration,12,3
Bronchial Asthma, fatigue, cough, high_fever, breathlessness, family_history, mucoid_sputum,,,,,,,,,,,,"['fatigue', 'cough', 'high_fever', 'breathlessness', 'family_history', 'mucoid_sputum']", fatigue  cough  high_fever  breathlessness  family_history  mucoid_sputum,28,6
Bronchial Asthma, cough, high_fever, breathlessness, family_history, mucoid_sputum,,,,,,,,,,,,,"['cough', 'high_fever', 'breathlessness', 'family_history', 'mucoid_sputum']", cough  high_fever  breathlessness  family_history  mucoid_sputum,24,5
Bronchial Asthma, fatigue, high_fever, breathlessness, family_history, mucoid_sputum,,,,,,,,,,,,,"['fatigue', 'high_fever', 'breathlessness', 'family_history', 'mucoid_sputum']", fatigue  high_fever  breathlessness  family_history  mucoid_sputum,24,5
Bronchial Asthma, fatigue, cough, breathlessness, family_history, mucoid_sputum,,,,,,,,,,,,,"['fatigue', 'cough', 'breathlessness', 'family_history', 'mucoid_sputum']", fatigue  cough  breathlessness  family_history  mucoid_sputum,21,5
Bronchial Asthma, fatigue, cough, high_fever, family_history, mucoid_sputum,,,,,,,,,,,,,"['fatigue', 'cough', 'high_fever', 'family_history', 'mucoid_sputum']", fatigue  cough  high_fever  family_history  mucoid_sputum,24,5
Bronchial Asthma, fatigue, cough, high_fever, breathlessness, mucoid_sputum,,,,,,,,,,,,,"['fatigue', 'cough', 'high_fever', 'breathlessness', 'mucoid_sputum']", fatigue  cough  high_fever  breathlessness  mucoid_sputum,23,5
Bronchial Asthma, fatigue, cough, high_fever, breathlessness, family_history,,,,,,,,,,,,,"['fatigue', 'cough', 'high_fever', 'breathlessness', 'family_history']", fatigue  cough  high_fever  breathlessness  family_history,24,5
Hypertension , headache, chest_pain, dizziness, loss_of_balance, lack_of_concentration,,,,,,,,,,,,,"['headache', 'chest_pain', 'dizziness', 'loss_of_balance', 'lack_of_concentration']", headache  chest_pain  dizziness  loss_of_balance  lack_of_concentration,21,5
Hypertension , chest_pain, dizziness, loss_of_balance, lack_of_concentration,,,,,,,,,,,,,,"['chest_pain', 'dizziness', 'loss_of_balance', 'lack_of_concentration']", chest_pain  dizziness  loss_of_balance  lack_of_concentration,18,4
Hypertension , headache, dizziness, loss_of_balance, lack_of_concentration,,,,,,,,,,,,,,"['headache', 'dizziness', 'loss_of_balance', 'lack_of_concentration']", headache  dizziness  loss_of_balance  lack_of_concentration,14,4
Hypertension , headache, chest_pain, loss_of_balance, lack_of_concentration,,,,,,,,,,,,,,"['headache', 'chest_pain', 'loss_of_balance', 'lack_of_concentration']", headache  chest_pain  loss_of_balance  lack_of_concentration,17,4
Hypertension , headache, chest_pain, dizziness, lack_of_concentration,,,,,,,,,,,,,,"['headache', 'chest_pain', 'dizziness', 'lack_of_concentration']", headache  chest_pain  dizziness  lack_of_concentration,17,4
Hypertension , headache, chest_pain, dizziness, loss_of_balance,,,,,,,,,,,,,,"['headache', 'chest_pain', 'dizziness', 'loss_of_balance']", headache  chest_pain  dizziness  loss_of_balance,18,4
Migraine, acidity, indigestion, headache, blurred_and_distorted_vision, excessive_hunger, stiff_neck, depression, irritability, visual_disturbances,,,,,,,,,"['acidity', 'indigestion', 'headache', 'blurred_and_distorted_vision', 'excessive_hunger', 'stiff_neck', 'depression', 'irritability', 'visual_disturbances']", acidity  indigestion  headache  blurred_and_distorted_vision  excessive_hunger  stiff_neck  depression  irritability  visual_disturbances,32,9
Migraine, indigestion, headache, blurred_and_distorted_vision, excessive_hunger, stiff_neck, depression, irritability, visual_disturbances,,,,,,,,,,"['indigestion', 'headache', 'blurred_and_distorted_vision', 'excessive_hunger', 'stiff_neck', 'depression', 'irritability', 'visual_disturbances']", indigestion  headache  blurred_and_distorted_vision  excessive_hunger  stiff_neck  depression  irritability  visual_disturbances,29,8
Migraine, acidity, headache, blurred_and_distorted_vision, excessive_hunger, stiff_neck, depression, irritability, visual_disturbances,,,,,,,,,,"['acidity', 'headache', 'blurred_and_distorted_vision', 'excessive_hunger', 'stiff_neck', 'depression', 'irritability', 'visual_disturbances']", acidity  headache  blurred_and_distorted_vision  excessive_hunger  stiff_neck  depression  irritability  visual_disturbances,27,8
Migraine, acidity, indigestion, blurred_and_distorted_vision, excessive_hunger, stiff_neck, depression, irritability, visual_disturbances,,,,,,,,,,"['acidity', 'indigestion', 'blurred_and_distorted_vision', 'excessive_hunger', 'stiff_neck', 'depression', 'irritability', 'visual_disturbances']", acidity  indigestion  blurred_and_distorted_vision  excessive_hunger  stiff_neck  depression  irritability  visual_disturbances,29,8
Migraine, acidity, indigestion, headache, excessive_hunger, stiff_neck, depression, irritability, visual_disturbances,,,,,,,,,,"['acidity', 'indigestion', 'headache', 'excessive_hunger', 'stiff_neck', 'depression', 'irritability', 'visual_disturbances']", acidity  indigestion  headache  excessive_hunger  stiff_neck  depression  irritability  visual_disturbances,27,8
Migraine, acidity, indigestion, headache, blurred_and_distorted_vision, stiff_neck, depression, irritability, visual_disturbances,,,,,,,,,,"['acidity', 'indigestion', 'headache', 'blurred_and_distorted_vision', 'stiff_neck', 'depression', 'irritability', 'visual_disturbances']", acidity  indigestion  headache  blurred_and_distorted_vision  stiff_neck  depression  irritability  visual_disturbances,28,8
Migraine, acidity, indigestion, headache, blurred_and_distorted_vision, excessive_hunger, depression, irritability, visual_disturbances,,,,,,,,,,"['acidity', 'indigestion', 'headache', 'blurred_and_distorted_vision', 'excessive_hunger', 'depression', 'irritability', 'visual_disturbances']", acidity  indigestion  headache  blurred_and_distorted_vision  excessive_hunger  depression  irritability  visual_disturbances,28,8
Migraine, acidity, indigestion, headache, blurred_and_distorted_vision, excessive_hunger, stiff_neck, irritability, visual_disturbances,,,,,,,,,,"['acidity', 'indigestion', 'headache', 'blurred_and_distorted_vision', 'excessive_hunger', 'stiff_neck', 'irritability', 'visual_disturbances']", acidity  indigestion  headache  blurred_and_distorted_vision  excessive_hunger  stiff_neck  irritability  visual_disturbances,29,8
Migraine, acidity, indigestion, headache, blurred_and_distorted_vision, excessive_hunger, stiff_neck, depression, visual_disturbances,,,,,,,,,,"['acidity', 'indigestion', 'headache', 'blurred_and_distorted_vision', 'excessive_hunger', 'stiff_neck', 'depression', 'visual_disturbances']", acidity  indigestion  headache  blurred_and_distorted_vision  excessive_hunger  stiff_neck  depression  visual_disturbances,30,8
Migraine, acidity, indigestion, headache, blurred_and_distorted_vision, excessive_hunger, stiff_neck, depression, irritability,,,,,,,,,,"['acidity', 'indigestion', 'headache', 'blurred_and_distorted_vision', 'excessive_hunger', 'stiff_neck', 'depression', 'irritability']", acidity  indigestion  headache  blurred_and_distorted_vision  excessive_hunger  stiff_neck  depression  irritability,29,8
Cervical spondylosis, back_pain, weakness_in_limbs, neck_pain, dizziness, loss_of_balance,,,,,,,,,,,,,"['back_pain', 'weakness_in_limbs', 'neck_pain', 'dizziness', 'loss_of_balance']", back_pain  weakness_in_limbs  neck_pain  dizziness  loss_of_balance,23,5
Cervical spondylosis, weakness_in_limbs, neck_pain, dizziness, loss_of_balance,,,,,,,,,,,,,,"['weakness_in_limbs', 'neck_pain', 'dizziness', 'loss_of_balance']", weakness_in_limbs  neck_pain  dizziness  loss_of_balance,20,4
Cervical spondylosis, back_pain, neck_pain, dizziness, loss_of_balance,,,,,,,,,,,,,,"['back_pain', 'neck_pain', 'dizziness', 'loss_of_balance']", back_pain  neck_pain  dizziness  loss_of_balance,16,4
Cervical spondylosis, back_pain, weakness_in_limbs, dizziness, loss_of_balance,,,,,,,,,,,,,,"['back_pain', 'weakness_in_limbs', 'dizziness', 'loss_of_balance']", back_pain  weakness_in_limbs  dizziness  loss_of_balance,18,4
Cervical spondylosis, back_pain, weakness_in_limbs, neck_pain, loss_of_balance,,,,,,,,,,,,,,"['back_pain', 'weakness_in_limbs', 'neck_pain', 'loss_of_balance']", back_pain  weakness_in_limbs  neck_pain  loss_of_balance,19,4
Cervical spondylosis, back_pain, weakness_in_limbs, neck_pain, dizziness,,,,,,,,,,,,,,"['back_pain', 'weakness_in_limbs', 'neck_pain', 'dizziness']", back_pain  weakness_in_limbs  neck_pain  dizziness,19,4
Paralysis (brain hemorrhage), vomiting, headache, weakness_of_one_body_side, altered_sensorium,,,,,,,,,,,,,,"['vomiting', 'headache', 'weakness_of_one_body_side', 'altered_sensorium']", vomiting  headache  weakness_of_one_body_side  altered_sensorium,14,4
Paralysis (brain hemorrhage), headache, weakness_of_one_body_side, altered_sensorium,,,,,,,,,,,,,,,"['headache', 'weakness_of_one_body_side', 'altered_sensorium']", headache  weakness_of_one_body_side  altered_sensorium,9,3
Paralysis (brain hemorrhage), vomiting, weakness_of_one_body_side, altered_sensorium,,,,,,,,,,,,,,,"['vomiting', 'weakness_of_one_body_side', 'altered_sensorium']", vomiting  weakness_of_one_body_side  altered_sensorium,11,3
Paralysis (brain hemorrhage), vomiting, headache, altered_sensorium,,,,,,,,,,,,,,,"['vomiting', 'headache', 'altered_sensorium']", vomiting  headache  altered_sensorium,10,3
Paralysis (brain hemorrhage), vomiting, headache, weakness_of_one_body_side,,,,,,,,,,,,,,,"['vomiting', 'headache', 'weakness_of_one_body_side']", vomiting  headache  weakness_of_one_body_side,12,3
Jaundice,itching, vomiting, fatigue, weight_loss, high_fever, yellowish_skin, dark_urine, abdominal_pain,,,,,,,,,,"['itching', 'vomiting', 'fatigue', 'weight_loss', 'high_fever', 'yellowish_skin', 'dark_urine', 'abdominal_pain']",itching  vomiting  fatigue  weight_loss  high_fever  yellowish_skin  dark_urine  abdominal_pain,31,8
Jaundice, vomiting, fatigue, weight_loss, high_fever, yellowish_skin, dark_urine, abdominal_pain,,,,,,,,,,,"['vomiting', 'fatigue', 'weight_loss', 'high_fever', 'yellowish_skin', 'dark_urine', 'abdominal_pain']", vomiting  fatigue  weight_loss  high_fever  yellowish_skin  dark_urine  abdominal_pain,30,7
Jaundice,itching, fatigue, weight_loss, high_fever, yellowish_skin, dark_urine, abdominal_pain,,,,,,,,,,,"['itching', 'fatigue', 'weight_loss', 'high_fever', 'yellowish_skin', 'dark_urine', 'abdominal_pain']",itching  fatigue  weight_loss  high_fever  yellowish_skin  dark_urine  abdominal_pain,26,7
Jaundice,itching, vomiting, weight_loss, high_fever, yellowish_skin, dark_urine, abdominal_pain,,,,,,,,,,,"['itching', 'vomiting', 'weight_loss', 'high_fever', 'yellowish_skin', 'dark_urine', 'abdominal_pain']",itching  vomiting  weight_loss  high_fever  yellowish_skin  dark_urine  abdominal_pain,27,7
Jaundice,itching, vomiting, fatigue, high_fever, yellowish_skin, dark_urine, abdominal_pain,,,,,,,,,,,"['itching', 'vomiting', 'fatigue', 'high_fever', 'yellowish_skin', 'dark_urine', 'abdominal_pain']",itching  vomiting  fatigue  high_fever  yellowish_skin  dark_urine  abdominal_pain,28,7
Jaundice,itching, vomiting, fatigue, weight_loss, yellowish_skin, dark_urine, abdominal_pain,,,,,,,,,,,"['itching', 'vomiting', 'fatigue', 'weight_loss', 'yellowish_skin', 'dark_urine', 'abdominal_pain']",itching  vomiting  fatigue  weight_loss  yellowish_skin  dark_urine  abdominal_pain,24,7
Jaundice,itching, vomiting, fatigue, weight_loss, high_fever, dark_urine, abdominal_pain,,,,,,,,,,,"['itching', 'vomiting', 'fatigue', 'weight_loss', 'high_fever', 'dark_urine', 'abdominal_pain']",itching  vomiting  fatigue  weight_loss  high_fever  dark_urine  abdominal_pain,28,7
Jaundice,itching, vomiting, fatigue, weight_loss, high_fever, yellowish_skin, abdominal_pain,,,,,,,,,,,"['itching', 'vomiting', 'fatigue', 'weight_loss', 'high_fever', 'yellowish_skin', 'abdominal_pain']",itching  vomiting  fatigue  weight_loss  high_fever  yellowish_skin  abdominal_pain,27,7
Jaundice,itching, vomiting, fatigue, weight_loss, high_fever, yellowish_skin, dark_urine,,,,,,,,,,,"['itching', 'vomiting', 'fatigue', 'weight_loss', 'high_fever', 'yellowish_skin', 'dark_urine']",itching  vomiting  fatigue  weight_loss  high_fever  yellowish_skin  dark_urine,27,7
Malaria, chills, vomiting, high_fever, sweating, headache, nausea, muscle_pain,,,,,,,,,,,"['chills', 'vomiting', 'high_fever', 'sweating', 'headache', 'nausea', 'muscle_pain']", chills  vomiting  high_fever  sweating  headache  nausea  muscle_pain,28,7
Malaria, chills, vomiting, high_fever, sweating, headache, nausea, diarrhoea, muscle_pain,,,,,,,,,,"['chills', 'vomiting', 'high_fever', 'sweating', 'headache', 'nausea', 'diarrhoea', 'muscle_pain']", chills  vomiting  high_fever  sweating  headache  nausea  diarrhoea  muscle_pain,34,8
Malaria, vomiting, high_fever, sweating, headache, nausea, diarrhoea, muscle_pain,,,,,,,,,,,"['vomiting', 'high_fever', 'sweating', 'headache', 'nausea', 'diarrhoea', 'muscle_pain']", vomiting  high_fever  sweating  headache  nausea  diarrhoea  muscle_pain,31,7
Malaria, chills, high_fever, sweating, headache, nausea, diarrhoea, muscle_pain,,,,,,,,,,,"['chills', 'high_fever', 'sweating', 'headache', 'nausea', 'diarrhoea', 'muscle_pain']", chills  high_fever  sweating  headache  nausea  diarrhoea  muscle_pain,29,7
Malaria, chills, vomiting, sweating, headache, nausea, diarrhoea, muscle_pain,,,,,,,,,,,"['chills', 'vomiting', 'sweating', 'headache', 'nausea', 'diarrhoea', 'muscle_pain']", chills  vomiting  sweating  headache  nausea  diarrhoea  muscle_pain,27,7
Malaria, chills, vomiting, high_fever, headache, nausea, diarrhoea, muscle_pain,,,,,,,,,,,"['chills', 'vomiting', 'high_fever', 'headache', 'nausea', 'diarrhoea', 'muscle_pain']", chills  vomiting  high_fever  headache  nausea  diarrhoea  muscle_pain,31,7
Malaria, chills, vomiting, high_fever, sweating, nausea, diarrhoea, muscle_pain,,,,,,,,,,,"['chills', 'vomiting', 'high_fever', 'sweating', 'nausea', 'diarrhoea', 'muscle_pain']", chills  vomiting  high_fever  sweating  nausea  diarrhoea  muscle_pain,31,7
Malaria, chills, vomiting, high_fever, sweating, headache, diarrhoea, muscle_pain,,,,,,,,,,,"['chills', 'vomiting', 'high_fever', 'sweating', 'headache', 'diarrhoea', 'muscle_pain']", chills  vomiting  high_fever  sweating  headache  diarrhoea  muscle_pain,29,7
Chicken pox,itching, skin_rash, fatigue, lethargy, high_fever, headache, loss_of_appetite, mild_fever, swelled_lymph_nodes, malaise, red_spots_over_body,,,,,,,"['itching', 'skin_rash', 'fatigue', 'lethargy', 'high_fever', 'headache', 'loss_of_appetite', 'mild_fever', 'swelled_lymph_nodes', 'malaise', 'red_spots_over_body']",itching  skin_rash  fatigue  lethargy  high_fever  headache  loss_of_appetite  mild_fever  swelled_lymph_nodes  malaise  red_spots_over_body,44,11
Chicken pox, skin_rash, fatigue, lethargy, high_fever, headache, loss_of_appetite, mild_fever, swelled_lymph_nodes, malaise, red_spots_over_body,,,,,,,,"['skin_rash', 'fatigue', 'lethargy', 'high_fever', 'headache', 'loss_of_appetite', 'mild_fever', 'swelled_lymph_nodes', 'malaise', 'red_spots_over_body']", skin_rash  fatigue  lethargy  high_fever  headache  loss_of_appetite  mild_fever  swelled_lymph_nodes  malaise  red_spots_over_body,43,10
Chicken pox,itching, fatigue, lethargy, high_fever, headache, loss_of_appetite, mild_fever, swelled_lymph_nodes, malaise, red_spots_over_body,,,,,,,,"['itching', 'fatigue', 'lethargy', 'high_fever', 'headache', 'loss_of_appetite', 'mild_fever', 'swelled_lymph_nodes', 'malaise', 'red_spots_over_body']",itching  fatigue  lethargy  high_fever  headache  loss_of_appetite  mild_fever  swelled_lymph_nodes  malaise  red_spots_over_body,41,10
Chicken pox,itching, skin_rash, lethargy, high_fever, headache, loss_of_appetite, mild_fever, swelled_lymph_nodes, malaise, red_spots_over_body,,,,,,,,"['itching', 'skin_rash', 'lethargy', 'high_fever', 'headache', 'loss_of_appetite', 'mild_fever', 'swelled_lymph_nodes', 'malaise', 'red_spots_over_body']",itching  skin_rash  lethargy  high_fever  headache  loss_of_appetite  mild_fever  swelled_lymph_nodes  malaise  red_spots_over_body,40,10
Chicken pox,itching, skin_rash, fatigue, high_fever, headache, loss_of_appetite, mild_fever, swelled_lymph_nodes, malaise, red_spots_over_body,,,,,,,,"['itching', 'skin_rash', 'fatigue', 'high_fever', 'headache', 'loss_of_appetite', 'mild_fever', 'swelled_lymph_nodes', 'malaise', 'red_spots_over_body']",itching  skin_rash  fatigue  high_fever  headache  loss_of_appetite  mild_fever  swelled_lymph_nodes  malaise  red_spots_over_body,42,10
Chicken pox,itching, skin_rash, fatigue, lethargy, headache, loss_of_appetite, mild_fever, swelled_lymph_nodes, malaise, red_spots_over_body,,,,,,,,"['itching', 'skin_rash', 'fatigue', 'lethargy', 'headache', 'loss_of_appetite', 'mild_fever', 'swelled_lymph_nodes', 'malaise', 'red_spots_over_body']",itching  skin_rash  fatigue  lethargy  headache  loss_of_appetite  mild_fever  swelled_lymph_nodes  malaise  red_spots_over_body,37,10
Chicken pox,itching, skin_rash, fatigue, lethargy, high_fever, loss_of_appetite, mild_fever, swelled_lymph_nodes, malaise, red_spots_over_body,,,,,,,,"['itching', 'skin_rash', 'fatigue', 'lethargy', 'high_fever', 'loss_of_appetite', 'mild_fever', 'swelled_lymph_nodes', 'malaise', 'red_spots_over_body']",itching  skin_rash  fatigue  lethargy  high_fever  loss_of_appetite  mild_fever  swelled_lymph_nodes  malaise  red_spots_over_body,41,10
Chicken pox,itching, skin_rash, fatigue, lethargy, high_fever, headache, mild_fever, swelled_lymph_nodes, malaise, red_spots_over_body,,,,,,,,"['itching', 'skin_rash', 'fatigue', 'lethargy', 'high_fever', 'headache', 'mild_fever', 'swelled_lymph_nodes', 'malaise', 'red_spots_over_body']",itching  skin_rash  fatigue  lethargy  high_fever  headache  mild_fever  swelled_lymph_nodes  malaise  red_spots_over_body,40,10
Chicken pox,itching, skin_rash, fatigue, lethargy, high_fever, headache, loss_of_appetite, swelled_lymph_nodes, malaise, red_spots_over_body,,,,,,,,"['itching', 'skin_rash', 'fatigue', 'lethargy', 'high_fever', 'headache', 'loss_of_appetite', 'swelled_lymph_nodes', 'malaise', 'red_spots_over_body']",itching  skin_rash  fatigue  lethargy  high_fever  headache  loss_of_appetite  swelled_lymph_nodes  malaise  red_spots_over_body,39,10
Chicken pox,itching, skin_rash, fatigue, lethargy, high_fever, headache, loss_of_appetite, mild_fever, malaise, red_spots_over_body,,,,,,,,"['itching', 'skin_rash', 'fatigue', 'lethargy', 'high_fever', 'headache', 'loss_of_appetite', 'mild_fever', 'malaise', 'red_spots_over_body']",itching  skin_rash  fatigue  lethargy  high_fever  headache  loss_of_appetite  mild_fever  malaise  red_spots_over_body,38,10
Dengue, skin_rash, chills, joint_pain, vomiting, fatigue, high_fever, headache, nausea, loss_of_appetite, pain_behind_the_eyes, back_pain, muscle_pain, red_spots_over_body,,,,,"['skin_rash', 'chills', 'joint_pain', 'vomiting', 'fatigue', 'high_fever', 'headache', 'nausea', 'loss_of_appetite', 'pain_behind_the_eyes', 'back_pain', 'muscle_pain', 'red_spots_over_body']", skin_rash  chills  joint_pain  vomiting  fatigue  high_fever  headache  nausea  loss_of_appetite  pain_behind_the_eyes  back_pain  muscle_pain  red_spots_over_body,49,13
Dengue, skin_rash, chills, joint_pain, vomiting, fatigue, high_fever, headache, nausea, loss_of_appetite, pain_behind_the_eyes, back_pain, malaise, red_spots_over_body,,,,,"['skin_rash', 'chills', 'joint_pain', 'vomiting', 'fatigue', 'high_fever', 'headache', 'nausea', 'loss_of_appetite', 'pain_behind_the_eyes', 'back_pain', 'malaise', 'red_spots_over_body']", skin_rash  chills  joint_pain  vomiting  fatigue  high_fever  headache  nausea  loss_of_appetite  pain_behind_the_eyes  back_pain  malaise  red_spots_over_body,53,13
Dengue, skin_rash, chills, joint_pain, vomiting, fatigue, high_fever, headache, nausea, loss_of_appetite, pain_behind_the_eyes, back_pain, malaise, muscle_pain,,,,,"['skin_rash', 'chills', 'joint_pain', 'vomiting', 'fatigue', 'high_fever', 'headache', 'nausea', 'loss_of_appetite', 'pain_behind_the_eyes', 'back_pain', 'malaise', 'muscle_pain']", skin_rash  chills  joint_pain  vomiting  fatigue  high_fever  headache  nausea  loss_of_appetite  pain_behind_the_eyes  back_pain  malaise  muscle_pain,52,13
Dengue, skin_rash, chills, joint_pain, vomiting, fatigue, high_fever, headache, nausea, loss_of_appetite, pain_behind_the_eyes, back_pain, malaise, muscle_pain, red_spots_over_body,,,,"['skin_rash', 'chills', 'joint_pain', 'vomiting', 'fatigue', 'high_fever', 'headache', 'nausea', 'loss_of_appetite', 'pain_behind_the_eyes', 'back_pain', 'malaise', 'muscle_pain', 'red_spots_over_body']", skin_rash  chills  joint_pain  vomiting  fatigue  high_fever  headache  nausea  loss_of_appetite  pain_behind_the_eyes  back_pain  malaise  muscle_pain  red_spots_over_body,55,14
Dengue, chills, joint_pain, vomiting, fatigue, high_fever, headache, nausea, loss_of_appetite, pain_behind_the_eyes, back_pain, malaise, muscle_pain, red_spots_over_body,,,,,"['chills', 'joint_pain', 'vomiting', 'fatigue', 'high_fever', 'headache', 'nausea', 'loss_of_appetite', 'pain_behind_the_eyes', 'back_pain', 'malaise', 'muscle_pain', 'red_spots_over_body']", chills  joint_pain  vomiting  fatigue  high_fever  headache  nausea  loss_of_appetite  pain_behind_the_eyes  back_pain  malaise  muscle_pain  red_spots_over_body,52,13
Dengue, skin_rash, joint_pain, vomiting, fatigue, high_fever, headache, nausea, loss_of_appetite, pain_behind_the_eyes, back_pain, malaise, muscle_pain, red_spots_over_body,,,,,"['skin_rash', 'joint_pain', 'vomiting', 'fatigue', 'high_fever', 'headache', 'nausea', 'loss_of_appetite', 'pain_behind_the_eyes', 'back_pain', 'malaise', 'muscle_pain', 'red_spots_over_body']", skin_rash  joint_pain  vomiting  fatigue  high_fever  headache  nausea  loss_of_appetite  pain_behind_the_eyes  back_pain  malaise  muscle_pain  red_spots_over_body,52,13
Dengue, skin_rash, chills, vomiting, fatigue, high_fever, headache, nausea, loss_of_appetite, pain_behind_the_eyes, back_pain, malaise, muscle_pain, red_spots_over_body,,,,,"['skin_rash', 'chills', 'vomiting', 'fatigue', 'high_fever', 'headache', 'nausea', 'loss_of_appetite', 'pain_behind_the_eyes', 'back_pain', 'malaise', 'muscle_pain', 'red_spots_over_body']", skin_rash  chills  vomiting  fatigue  high_fever  headache  nausea  loss_of_appetite  pain_behind_the_eyes  back_pain  malaise  muscle_pain  red_spots_over_body,52,13
Dengue, skin_rash, chills, joint_pain, fatigue, high_fever, headache, nausea, loss_of_appetite, pain_behind_the_eyes, back_pain, malaise, muscle_pain, red_spots_over_body,,,,,"['skin_rash', 'chills', 'joint_pain', 'fatigue', 'high_fever', 'headache', 'nausea', 'loss_of_appetite', 'pain_behind_the_eyes', 'back_pain', 'malaise', 'muscle_pain', 'red_spots_over_body']", skin_rash  chills  joint_pain  fatigue  high_fever  headache  nausea  loss_of_appetite  pain_behind_the_eyes  back_pain  malaise  muscle_pain  red_spots_over_body,50,13
Dengue, skin_rash, chills, joint_pain, vomiting, high_fever, headache, nausea, loss_of_appetite, pain_behind_the_eyes, back_pain, malaise, muscle_pain, red_spots_over_body,,,,,"['skin_rash', 'chills', 'joint_pain', 'vomiting', 'high_fever', 'headache', 'nausea', 'loss_of_appetite', 'pain_behind_the_eyes', 'back_pain', 'malaise', 'muscle_pain', 'red_spots_over_body']", skin_rash  chills  joint_pain  vomiting  high_fever  headache  nausea  loss_of_appetite  pain_behind_the_eyes  back_pain  malaise  muscle_pain  red_spots_over_body,51,13
Dengue, skin_rash, chills, joint_pain, vomiting, fatigue, headache, nausea, loss_of_appetite, pain_behind_the_eyes, back_pain, malaise, muscle_pain, red_spots_over_body,,,,,"['skin_rash', 'chills', 'joint_pain', 'vomiting', 'fatigue', 'headache', 'nausea', 'loss_of_appetite', 'pain_behind_the_eyes', 'back_pain', 'malaise', 'muscle_pain', 'red_spots_over_body']", skin_rash  chills  joint_pain  vomiting  fatigue  headache  nausea  loss_of_appetite  pain_behind_the_eyes  back_pain  malaise  muscle_pain  red_spots_over_body,48,13
Typhoid, chills, vomiting, fatigue, high_fever, nausea, constipation, abdominal_pain, diarrhoea, toxic_look_(typhos), belly_pain,,,,,,,,"['chills', 'vomiting', 'fatigue', 'high_fever', 'nausea', 'constipation', 'abdominal_pain', 'diarrhoea', 'toxic_look_(typhos)', 'belly_pain']", chills  vomiting  fatigue  high_fever  nausea  constipation  abdominal_pain  diarrhoea  toxic_look_(typhos)  belly_pain,47,10
Typhoid, chills, vomiting, fatigue, high_fever, headache, constipation, abdominal_pain, diarrhoea, toxic_look_(typhos), belly_pain,,,,,,,,"['chills', 'vomiting', 'fatigue', 'high_fever', 'headache', 'constipation', 'abdominal_pain', 'diarrhoea', 'toxic_look_(typhos)', 'belly_pain']", chills  vomiting  fatigue  high_fever  headache  constipation  abdominal_pain  diarrhoea  toxic_look_(typhos)  belly_pain,45,10
Typhoid, chills, vomiting, fatigue, high_fever, headache, nausea, abdominal_pain, diarrhoea, toxic_look_(typhos), belly_pain,,,,,,,,"['chills', 'vomiting', 'fatigue', 'high_fever', 'headache', 'nausea', 'abdominal_pain', 'diarrhoea', 'toxic_look_(typhos)', 'belly_pain']", chills  vomiting  fatigue  high_fever  headache  nausea  abdominal_pain  diarrhoea  toxic_look_(typhos)  belly_pain,46,10
Typhoid, chills, vomiting, fatigue, high_fever, headache, nausea, constipation, diarrhoea, toxic_look_(typhos), belly_pain,,,,,,,,"['chills', 'vomiting', 'fatigue', 'high_fever', 'headache', 'nausea', 'constipation', 'diarrhoea', 'toxic_look_(typhos)', 'belly_pain']", chills  vomiting  fatigue  high_fever  headache  nausea  constipation  diarrhoea  toxic_look_(typhos)  belly_pain,46,10
Typhoid, chills, vomiting, fatigue, high_fever, headache, nausea, constipation, abdominal_pain, toxic_look_(typhos), belly_pain,,,,,,,,"['chills', 'vomiting', 'fatigue', 'high_fever', 'headache', 'nausea', 'constipation', 'abdominal_pain', 'toxic_look_(typhos)', 'belly_pain']", chills  vomiting  fatigue  high_fever  headache  nausea  constipation  abdominal_pain  toxic_look_(typhos)  belly_pain,44,10
Typhoid, chills, vomiting, fatigue, high_fever, headache, nausea, constipation, abdominal_pain, diarrhoea, belly_pain,,,,,,,,"['chills', 'vomiting', 'fatigue', 'high_fever', 'headache', 'nausea', 'constipation', 'abdominal_pain', 'diarrhoea', 'belly_pain']", chills  vomiting  fatigue  high_fever  headache  nausea  constipation  abdominal_pain  diarrhoea  belly_pain,45,10
Typhoid, chills, vomiting, fatigue, high_fever, headache, nausea, constipation, abdominal_pain, diarrhoea, toxic_look_(typhos),,,,,,,,"['chills', 'vomiting', 'fatigue', 'high_fever', 'headache', 'nausea', 'constipation', 'abdominal_pain', 'diarrhoea', 'toxic_look_(typhos)']", chills  vomiting  fatigue  high_fever  headache  nausea  constipation  abdominal_pain  diarrhoea  toxic_look_(typhos),46,10
Typhoid, chills, vomiting, fatigue, high_fever, headache, nausea, constipation, abdominal_pain, diarrhoea, toxic_look_(typhos), belly_pain,,,,,,,"['chills', 'vomiting', 'fatigue', 'high_fever', 'headache', 'nausea', 'constipation', 'abdominal_pain', 'diarrhoea', 'toxic_look_(typhos)', 'belly_pain']", chills  vomiting  fatigue  high_fever  headache  nausea  constipation  abdominal_pain  diarrhoea  toxic_look_(typhos)  belly_pain,50,11
Typhoid, chills, fatigue, high_fever, headache, nausea, constipation, abdominal_pain, diarrhoea, toxic_look_(typhos), belly_pain,,,,,,,,"['chills', 'fatigue', 'high_fever', 'headache', 'nausea', 'constipation', 'abdominal_pain', 'diarrhoea', 'toxic_look_(typhos)', 'belly_pain']", chills  fatigue  high_fever  headache  nausea  constipation  abdominal_pain  diarrhoea  toxic_look_(typhos)  belly_pain,45,10
hepatitis A, joint_pain, vomiting, yellowish_skin, dark_urine, nausea, loss_of_appetite, abdominal_pain, diarrhoea, mild_fever, yellowing_of_eyes, muscle_pain,,,,,,,"['joint_pain', 'vomiting', 'yellowish_skin', 'dark_urine', 'nausea', 'loss_of_appetite', 'abdominal_pain', 'diarrhoea', 'mild_fever', 'yellowing_of_eyes', 'muscle_pain']", joint_pain  vomiting  yellowish_skin  dark_urine  nausea  loss_of_appetite  abdominal_pain  diarrhoea  mild_fever  yellowing_of_eyes  muscle_pain,45,11
hepatitis A, vomiting, yellowish_skin, dark_urine, nausea, loss_of_appetite, abdominal_pain, diarrhoea, mild_fever, yellowing_of_eyes, muscle_pain,,,,,,,,"['vomiting', 'yellowish_skin', 'dark_urine', 'nausea', 'loss_of_appetite', 'abdominal_pain', 'diarrhoea', 'mild_fever', 'yellowing_of_eyes', 'muscle_pain']", vomiting  yellowish_skin  dark_urine  nausea  loss_of_appetite  abdominal_pain  diarrhoea  mild_fever  yellowing_of_eyes  muscle_pain,42,10
hepatitis A, joint_pain, yellowish_skin, dark_urine, nausea, loss_of_appetite, abdominal_pain, diarrhoea, mild_fever, yellowing_of_eyes, muscle_pain,,,,,,,,"['joint_pain', 'yellowish_skin', 'dark_urine', 'nausea', 'loss_of_appetite', 'abdominal_pain', 'diarrhoea', 'mild_fever', 'yellowing_of_eyes', 'muscle_pain']", joint_pain  yellowish_skin  dark_urine  nausea  loss_of_appetite  abdominal_pain  diarrhoea  mild_fever  yellowing_of_eyes  muscle_pain,40,10
hepatitis A, joint_pain, vomiting, dark_urine, nausea, loss_of_appetite, abdominal_pain, diarrhoea, mild_fever, yellowing_of_eyes, muscle_pain,,,,,,,,"['joint_pain', 'vomiting', 'dark_urine', 'nausea', 'loss_of_appetite', 'abdominal_pain', 'diarrhoea', 'mild_fever', 'yellowing_of_eyes', 'muscle_pain']", joint_pain  vomiting  dark_urine  nausea  loss_of_appetite  abdominal_pain  diarrhoea  mild_fever  yellowing_of_eyes  muscle_pain,42,10
hepatitis A, joint_pain, vomiting, yellowish_skin, nausea, loss_of_appetite, abdominal_pain, diarrhoea, mild_fever, yellowing_of_eyes, muscle_pain,,,,,,,,"['joint_pain', 'vomiting', 'yellowish_skin', 'nausea', 'loss_of_appetite', 'abdominal_pain', 'diarrhoea', 'mild_fever', 'yellowing_of_eyes', 'muscle_pain']", joint_pain  vomiting  yellowish_skin  nausea  loss_of_appetite  abdominal_pain  diarrhoea  mild_fever  yellowing_of_eyes  muscle_pain,41,10
hepatitis A, joint_pain, vomiting, yellowish_skin, dark_urine, loss_of_appetite, abdominal_pain, diarrhoea, mild_fever, yellowing_of_eyes, muscle_pain,,,,,,,,"['joint_pain', 'vomiting', 'yellowish_skin', 'dark_urine', 'loss_of_appetite', 'abdominal_pain', 'diarrhoea', 'mild_fever', 'yellowing_of_eyes', 'muscle_pain']", joint_pain  vomiting  yellowish_skin  dark_urine  loss_of_appetite  abdominal_pain  diarrhoea  mild_fever  yellowing_of_eyes  muscle_pain,40,10
hepatitis A, joint_pain, vomiting, yellowish_skin, dark_urine, nausea, abdominal_pain, diarrhoea, mild_fever, yellowing_of_eyes, muscle_pain,,,,,,,,"['joint_pain', 'vomiting', 'yellowish_skin', 'dark_urine', 'nausea', 'abdominal_pain', 'diarrhoea', 'mild_fever', 'yellowing_of_eyes', 'muscle_pain']", joint_pain  vomiting  yellowish_skin  dark_urine  nausea  abdominal_pain  diarrhoea  mild_fever  yellowing_of_eyes  muscle_pain,41,10
hepatitis A, joint_pain, vomiting, yellowish_skin, dark_urine, nausea, loss_of_appetite, diarrhoea, mild_fever, yellowing_of_eyes, muscle_pain,,,,,,,,"['joint_pain', 'vomiting', 'yellowish_skin', 'dark_urine', 'nausea', 'loss_of_appetite', 'diarrhoea', 'mild_fever', 'yellowing_of_eyes', 'muscle_pain']", joint_pain  vomiting  yellowish_skin  dark_urine  nausea  loss_of_appetite  diarrhoea  mild_fever  yellowing_of_eyes  muscle_pain,41,10
hepatitis A, joint_pain, vomiting, yellowish_skin, dark_urine, nausea, loss_of_appetite, abdominal_pain, mild_fever, yellowing_of_eyes, muscle_pain,,,,,,,,"['joint_pain', 'vomiting', 'yellowish_skin', 'dark_urine', 'nausea', 'loss_of_appetite', 'abdominal_pain', 'mild_fever', 'yellowing_of_eyes', 'muscle_pain']", joint_pain  vomiting  yellowish_skin  dark_urine  nausea  loss_of_appetite  abdominal_pain  mild_fever  yellowing_of_eyes  muscle_pain,39,10
Hepatitis B,itching, fatigue, lethargy, yellowish_skin, dark_urine, loss_of_appetite, abdominal_pain, yellow_urine, yellowing_of_eyes, malaise, receiving_blood_transfusion, receiving_unsterile_injections,,,,,,"['itching', 'fatigue', 'lethargy', 'yellowish_skin', 'dark_urine', 'loss_of_appetite', 'abdominal_pain', 'yellow_urine', 'yellowing_of_eyes', 'malaise', 'receiving_blood_transfusion', 'receiving_unsterile_injections']",itching  fatigue  lethargy  yellowish_skin  dark_urine  loss_of_appetite  abdominal_pain  yellow_urine  yellowing_of_eyes  malaise  receiving_blood_transfusion  receiving_unsterile_injections,43,12
Hepatitis B, fatigue, lethargy, yellowish_skin, dark_urine, loss_of_appetite, abdominal_pain, yellow_urine, yellowing_of_eyes, malaise, receiving_blood_transfusion, receiving_unsterile_injections,,,,,,,"['fatigue', 'lethargy', 'yellowish_skin', 'dark_urine', 'loss_of_appetite', 'abdominal_pain', 'yellow_urine', 'yellowing_of_eyes', 'malaise', 'receiving_blood_transfusion', 'receiving_unsterile_injections']", fatigue  lethargy  yellowish_skin  dark_urine  loss_of_appetite  abdominal_pain  yellow_urine  yellowing_of_eyes  malaise  receiving_blood_transfusion  receiving_unsterile_injections,42,11
Hepatitis B,itching, lethargy, yellowish_skin, dark_urine, loss_of_appetite, abdominal_pain, yellow_urine, yellowing_of_eyes, malaise, receiving_blood_transfusion, receiving_unsterile_injections,,,,,,,"['itching', 'lethargy', 'yellowish_skin', 'dark_urine', 'loss_of_appetite', 'abdominal_pain', 'yellow_urine', 'yellowing_of_eyes', 'malaise', 'receiving_blood_transfusion', 'receiving_unsterile_injections']",itching  lethargy  yellowish_skin  dark_urine  loss_of_appetite  abdominal_pain  yellow_urine  yellowing_of_eyes  malaise  receiving_blood_transfusion  receiving_unsterile_injections,39,11
Hepatitis B,itching, fatigue, yellowish_skin, dark_urine, loss_of_appetite, abdominal_pain, yellow_urine, yellowing_of_eyes, malaise, receiving_blood_transfusion, receiving_unsterile_injections,,,,,,,"['itching', 'fatigue', 'yellowish_skin', 'dark_urine', 'loss_of_appetite', 'abdominal_pain', 'yellow_urine', 'yellowing_of_eyes', 'malaise', 'receiving_blood_transfusion', 'receiving_unsterile_injections']",itching  fatigue  yellowish_skin  dark_urine  loss_of_appetite  abdominal_pain  yellow_urine  yellowing_of_eyes  malaise  receiving_blood_transfusion  receiving_unsterile_injections,41,11
Hepatitis B,itching, fatigue, lethargy, dark_urine, loss_of_appetite, abdominal_pain, yellow_urine, yellowing_of_eyes, malaise, receiving_blood_transfusion, receiving_unsterile_injections,,,,,,,"['itching', 'fatigue', 'lethargy', 'dark_urine', 'loss_of_appetite', 'abdominal_pain', 'yellow_urine', 'yellowing_of_eyes', 'malaise', 'receiving_blood_transfusion', 'receiving_unsterile_injections']",itching  fatigue  lethargy  dark_urine  loss_of_appetite  abdominal_pain  yellow_urine  yellowing_of_eyes  malaise  receiving_blood_transfusion  receiving_unsterile_injections,40,11
Hepatitis B,itching, fatigue, lethargy, yellowish_skin, loss_of_appetite, abdominal_pain, yellow_urine, yellowing_of_eyes, malaise, receiving_blood_transfusion, receiving_unsterile_injections,,,,,,,"['itching', 'fatigue', 'lethargy', 'yellowish_skin', 'loss_of_appetite', 'abdominal_pain', 'yellow_urine', 'yellowing_of_eyes', 'malaise', 'receiving_blood_transfusion', 'receiving_unsterile_injections']",itching  fatigue  lethargy  yellowish_skin  loss_of_appetite  abdominal_pain  yellow_urine  yellowing_of_eyes  malaise  receiving_blood_transfusion  receiving_unsterile_injections,39,11
Hepatitis B,itching, fatigue, lethargy, yellowish_skin, dark_urine, abdominal_pain, yellow_urine, yellowing_of_eyes, malaise, receiving_blood_transfusion, receiving_unsterile_injections,,,,,,,"['itching', 'fatigue', 'lethargy', 'yellowish_skin', 'dark_urine', 'abdominal_pain', 'yellow_urine', 'yellowing_of_eyes', 'malaise', 'receiving_blood_transfusion', 'receiving_unsterile_injections']",itching  fatigue  lethargy  yellowish_skin  dark_urine  abdominal_pain  yellow_urine  yellowing_of_eyes  malaise  receiving_blood_transfusion  receiving_unsterile_injections,39,11
Hepatitis B,itching, fatigue, lethargy, yellowish_skin, dark_urine, loss_of_appetite, yellow_urine, yellowing_of_eyes, malaise, receiving_blood_transfusion, receiving_unsterile_injections,,,,,,,"['itching', 'fatigue', 'lethargy', 'yellowish_skin', 'dark_urine', 'loss_of_appetite', 'yellow_urine', 'yellowing_of_eyes', 'malaise', 'receiving_blood_transfusion', 'receiving_unsterile_injections']",itching  fatigue  lethargy  yellowish_skin  dark_urine  loss_of_appetite  yellow_urine  yellowing_of_eyes  malaise  receiving_blood_transfusion  receiving_unsterile_injections,39,11
Hepatitis B,itching, fatigue, lethargy, yellowish_skin, dark_urine, loss_of_appetite, abdominal_pain, yellowing_of_eyes, malaise, receiving_blood_transfusion, receiving_unsterile_injections,,,,,,,"['itching', 'fatigue', 'lethargy', 'yellowish_skin', 'dark_urine', 'loss_of_appetite', 'abdominal_pain', 'yellowing_of_eyes', 'malaise', 'receiving_blood_transfusion', 'receiving_unsterile_injections']",itching  fatigue  lethargy  yellowish_skin  dark_urine  loss_of_appetite  abdominal_pain  yellowing_of_eyes  malaise  receiving_blood_transfusion  receiving_unsterile_injections,39,11
Hepatitis C, fatigue, yellowish_skin, nausea, loss_of_appetite, family_history,,,,,,,,,,,,,"['fatigue', 'yellowish_skin', 'nausea', 'loss_of_appetite', 'family_history']", fatigue  yellowish_skin  nausea  loss_of_appetite  family_history,21,5
Hepatitis C, fatigue, yellowish_skin, nausea, loss_of_appetite, yellowing_of_eyes, family_history,,,,,,,,,,,,"['fatigue', 'yellowish_skin', 'nausea', 'loss_of_appetite', 'yellowing_of_eyes', 'family_history']", fatigue  yellowish_skin  nausea  loss_of_appetite  yellowing_of_eyes  family_history,25,6
Hepatitis C, yellowish_skin, nausea, loss_of_appetite, yellowing_of_eyes, family_history,,,,,,,,,,,,,"['yellowish_skin', 'nausea', 'loss_of_appetite', 'yellowing_of_eyes', 'family_history']", yellowish_skin  nausea  loss_of_appetite  yellowing_of_eyes  family_history,21,5
Hepatitis C, fatigue, nausea, loss_of_appetite, yellowing_of_eyes, family_history,,,,,,,,,,,,,"['fatigue', 'nausea', 'loss_of_appetite', 'yellowing_of_eyes', 'family_history']", fatigue  nausea  loss_of_appetite  yellowing_of_eyes  family_history,22,5
Hepatitis C, fatigue, yellowish_skin, loss_of_appetite, yellowing_of_eyes, family_history,,,,,,,,,,,,,"['fatigue', 'yellowish_skin', 'loss_of_appetite', 'yellowing_of_eyes', 'family_history']", fatigue  yellowish_skin  loss_of_appetite  yellowing_of_eyes  family_history,20,5
Hepatitis C, fatigue, yellowish_skin, nausea, yellowing_of_eyes, family_history,,,,,,,,,,,,,"['fatigue', 'yellowish_skin', 'nausea', 'yellowing_of_eyes', 'family_history']", fatigue  yellowish_skin  nausea  yellowing_of_eyes  family_history,21,5
Hepatitis C, fatigue, yellowish_skin, nausea, loss_of_appetite, yellowing_of_eyes,,,,,,,,,,,,,"['fatigue', 'yellowish_skin', 'nausea', 'loss_of_appetite', 'yellowing_of_eyes']", fatigue  yellowish_skin  nausea  loss_of_appetite  yellowing_of_eyes,20,5
Hepatitis D, joint_pain, vomiting, fatigue, yellowish_skin, dark_urine, nausea, loss_of_appetite, abdominal_pain, yellowing_of_eyes,,,,,,,,,"['joint_pain', 'vomiting', 'fatigue', 'yellowish_skin', 'dark_urine', 'nausea', 'loss_of_appetite', 'abdominal_pain', 'yellowing_of_eyes']", joint_pain  vomiting  fatigue  yellowish_skin  dark_urine  nausea  loss_of_appetite  abdominal_pain  yellowing_of_eyes,36,9
Hepatitis D, vomiting, fatigue, yellowish_skin, dark_urine, nausea, loss_of_appetite, abdominal_pain, yellowing_of_eyes,,,,,,,,,,"['vomiting', 'fatigue', 'yellowish_skin', 'dark_urine', 'nausea', 'loss_of_appetite', 'abdominal_pain', 'yellowing_of_eyes']", vomiting  fatigue  yellowish_skin  dark_urine  nausea  loss_of_appetite  abdominal_pain  yellowing_of_eyes,33,8
Hepatitis D, joint_pain, fatigue, yellowish_skin, dark_urine, nausea, loss_of_appetite, abdominal_pain, yellowing_of_eyes,,,,,,,,,,"['joint_pain', 'fatigue', 'yellowish_skin', 'dark_urine', 'nausea', 'loss_of_appetite', 'abdominal_pain', 'yellowing_of_eyes']", joint_pain  fatigue  yellowish_skin  dark_urine  nausea  loss_of_appetite  abdominal_pain  yellowing_of_eyes,31,8
Hepatitis D, joint_pain, vomiting, yellowish_skin, dark_urine, nausea, loss_of_appetite, abdominal_pain, yellowing_of_eyes,,,,,,,,,,"['joint_pain', 'vomiting', 'yellowish_skin', 'dark_urine', 'nausea', 'loss_of_appetite', 'abdominal_pain', 'yellowing_of_eyes']", joint_pain  vomiting  yellowish_skin  dark_urine  nausea  loss_of_appetite  abdominal_pain  yellowing_of_eyes,32,8
Hepatitis D, joint_pain, vomiting, fatigue, dark_urine, nausea, loss_of_appetite, abdominal_pain, yellowing_of_eyes,,,,,,,,,,"['joint_pain', 'vomiting', 'fatigue', 'dark_urine', 'nausea', 'loss_of_appetite', 'abdominal_pain', 'yellowing_of_eyes']", joint_pain  vomiting  fatigue  dark_urine  nausea  loss_of_appetite  abdominal_pain  yellowing_of_eyes,33,8
Hepatitis D, joint_pain, vomiting, fatigue, yellowish_skin, nausea, loss_of_appetite, abdominal_pain, yellowing_of_eyes,,,,,,,,,,"['joint_pain', 'vomiting', 'fatigue', 'yellowish_skin', 'nausea', 'loss_of_appetite', 'abdominal_pain', 'yellowing_of_eyes']", joint_pain  vomiting  fatigue  yellowish_skin  nausea  loss_of_appetite  abdominal_pain  yellowing_of_eyes,32,8
Hepatitis D, joint_pain, vomiting, fatigue, yellowish_skin, dark_urine, loss_of_appetite, abdominal_pain, yellowing_of_eyes,,,,,,,,,,"['joint_pain', 'vomiting', 'fatigue', 'yellowish_skin', 'dark_urine', 'loss_of_appetite', 'abdominal_pain', 'yellowing_of_eyes']", joint_pain  vomiting  fatigue  yellowish_skin  dark_urine  loss_of_appetite  abdominal_pain  yellowing_of_eyes,31,8
Hepatitis D, joint_pain, vomiting, fatigue, yellowish_skin, dark_urine, nausea, abdominal_pain, yellowing_of_eyes,,,,,,,,,,"['joint_pain', 'vomiting', 'fatigue', 'yellowish_skin', 'dark_urine', 'nausea', 'abdominal_pain', 'yellowing_of_eyes']", joint_pain  vomiting  fatigue  yellowish_skin  dark_urine  nausea  abdominal_pain  yellowing_of_eyes,32,8
Hepatitis D, joint_pain, vomiting, fatigue, yellowish_skin, dark_urine, nausea, loss_of_appetite, yellowing_of_eyes,,,,,,,,,,"['joint_pain', 'vomiting', 'fatigue', 'yellowish_skin', 'dark_urine', 'nausea', 'loss_of_appetite', 'yellowing_of_eyes']", joint_pain  vomiting  fatigue  yellowish_skin  dark_urine  nausea  loss_of_appetite  yellowing_of_eyes,32,8
Hepatitis D, joint_pain, vomiting, fatigue, yellowish_skin, dark_urine, nausea, loss_of_appetite, abdominal_pain,,,,,,,,,,"['joint_pain', 'vomiting', 'fatigue', 'yellowish_skin', 'dark_urine', 'nausea', 'loss_of_appetite', 'abdominal_pain']", joint_pain  vomiting  fatigue  yellowish_skin  dark_urine  nausea  loss_of_appetite  abdominal_pain,32,8
Hepatitis E, joint_pain, vomiting, fatigue, high_fever, yellowish_skin, dark_urine, nausea, loss_of_appetite, abdominal_pain, yellowing_of_eyes, coma, stomach_bleeding,,,,,,"['joint_pain', 'vomiting', 'fatigue', 'high_fever', 'yellowish_skin', 'dark_urine', 'nausea', 'loss_of_appetite', 'abdominal_pain', 'yellowing_of_eyes', 'coma', 'stomach_bleeding']", joint_pain  vomiting  fatigue  high_fever  yellowish_skin  dark_urine  nausea  loss_of_appetite  abdominal_pain  yellowing_of_eyes  coma  stomach_bleeding,56,12
Hepatitis E, joint_pain, vomiting, fatigue, high_fever, yellowish_skin, dark_urine, nausea, loss_of_appetite, abdominal_pain, yellowing_of_eyes, acute_liver_failure, coma, stomach_bleeding,,,,,"['joint_pain', 'vomiting', 'fatigue', 'high_fever', 'yellowish_skin', 'dark_urine', 'nausea', 'loss_of_appetite', 'abdominal_pain', 'yellowing_of_eyes', 'acute_liver_failure', 'coma', 'stomach_bleeding']", joint_pain  vomiting  fatigue  high_fever  yellowish_skin  dark_urine  nausea  loss_of_appetite  abdominal_pain  yellowing_of_eyes  acute_liver_failure  coma  stomach_bleeding,62,13
Hepatitis E, vomiting, fatigue, high_fever, yellowish_skin, dark_urine, nausea, loss_of_appetite, abdominal_pain, yellowing_of_eyes, acute_liver_failure, coma, stomach_bleeding,,,,,,"['vomiting', 'fatigue', 'high_fever', 'yellowish_skin', 'dark_urine', 'nausea', 'loss_of_appetite', 'abdominal_pain', 'yellowing_of_eyes', 'acute_liver_failure', 'coma', 'stomach_bleeding']", vomiting  fatigue  high_fever  yellowish_skin  dark_urine  nausea  loss_of_appetite  abdominal_pain  yellowing_of_eyes  acute_liver_failure  coma  stomach_bleeding,59,12
Hepatitis E, joint_pain, fatigue, high_fever, yellowish_skin, dark_urine, nausea, loss_of_appetite, abdominal_pain, yellowing_of_eyes, acute_liver_failure, coma, stomach_bleeding,,,,,,"['joint_pain', 'fatigue', 'high_fever', 'yellowish_skin', 'dark_urine', 'nausea', 'loss_of_appetite', 'abdominal_pain', 'yellowing_of_eyes', 'acute_liver_failure', 'coma', 'stomach_bleeding']", joint_pain  fatigue  high_fever  yellowish_skin  dark_urine  nausea  loss_of_appetite  abdominal_pain  yellowing_of_eyes  acute_liver_failure  coma  stomach_bleeding,57,12
Hepatitis E, joint_pain, vomiting, high_fever, yellowish_skin, dark_urine, nausea, loss_of_appetite, abdominal_pain, yellowing_of_eyes, acute_liver_failure, coma, stomach_bleeding,,,,,,"['joint_pain', 'vomiting', 'high_fever', 'yellowish_skin', 'dark_urine', 'nausea', 'loss_of_appetite', 'abdominal_pain', 'yellowing_of_eyes', 'acute_liver_failure', 'coma', 'stomach_bleeding']", joint_pain  vomiting  high_fever  yellowish_skin  dark_urine  nausea  loss_of_appetite  abdominal_pain  yellowing_of_eyes  acute_liver_failure  coma  stomach_bleeding,58,12
Hepatitis E, joint_pain, vomiting, fatigue, yellowish_skin, dark_urine, nausea, loss_of_appetite, abdominal_pain, yellowing_of_eyes, acute_liver_failure, coma, stomach_bleeding,,,,,,"['joint_pain', 'vomiting', 'fatigue', 'yellowish_skin', 'dark_urine', 'nausea', 'loss_of_appetite', 'abdominal_pain', 'yellowing_of_eyes', 'acute_liver_failure', 'coma', 'stomach_bleeding']", joint_pain  vomiting  fatigue  yellowish_skin  dark_urine  nausea  loss_of_appetite  abdominal_pain  yellowing_of_eyes  acute_liver_failure  coma  stomach_bleeding,55,12
Hepatitis E, joint_pain, vomiting, fatigue, high_fever, dark_urine, nausea, loss_of_appetite, abdominal_pain, yellowing_of_eyes, acute_liver_failure, coma, stomach_bleeding,,,,,,"['joint_pain', 'vomiting', 'fatigue', 'high_fever', 'dark_urine', 'nausea', 'loss_of_appetite', 'abdominal_pain', 'yellowing_of_eyes', 'acute_liver_failure', 'coma', 'stomach_bleeding']", joint_pain  vomiting  fatigue  high_fever  dark_urine  nausea  loss_of_appetite  abdominal_pain  yellowing_of_eyes  acute_liver_failure  coma  stomach_bleeding,59,12
Hepatitis E, joint_pain, vomiting, fatigue, high_fever, yellowish_skin, nausea, loss_of_appetite, abdominal_pain, yellowing_of_eyes, acute_liver_failure, coma, stomach_bleeding,,,,,,"['joint_pain', 'vomiting', 'fatigue', 'high_fever', 'yellowish_skin', 'nausea', 'loss_of_appetite', 'abdominal_pain', 'yellowing_of_eyes', 'acute_liver_failure', 'coma', 'stomach_bleeding']", joint_pain  vomiting  fatigue  high_fever  yellowish_skin  nausea  loss_of_appetite  abdominal_pain  yellowing_of_eyes  acute_liver_failure  coma  stomach_bleeding,58,12
Hepatitis E, joint_pain, vomiting, fatigue, high_fever, yellowish_skin, dark_urine, loss_of_appetite, abdominal_pain, yellowing_of_eyes, acute_liver_failure, coma, stomach_bleeding,,,,,,"['joint_pain', 'vomiting', 'fatigue', 'high_fever', 'yellowish_skin', 'dark_urine', 'loss_of_appetite', 'abdominal_pain', 'yellowing_of_eyes', 'acute_liver_failure', 'coma', 'stomach_bleeding']", joint_pain  vomiting  fatigue  high_fever  yellowish_skin  dark_urine  loss_of_appetite  abdominal_pain  yellowing_of_eyes  acute_liver_failure  coma  stomach_bleeding,57,12
Alcoholic hepatitis, vomiting, yellowish_skin, abdominal_pain, swelling_of_stomach, distention_of_abdomen, history_of_alcohol_consumption, fluid_overload,,,,,,,,,,,"['vomiting', 'yellowish_skin', 'abdominal_pain', 'swelling_of_stomach', 'distention_of_abdomen', 'history_of_alcohol_consumption', 'fluid_overload']", vomiting  yellowish_skin  abdominal_pain  swelling_of_stomach  distention_of_abdomen  history_of_alcohol_consumption  fluid_overload,32,7
Alcoholic hepatitis, yellowish_skin, abdominal_pain, swelling_of_stomach, distention_of_abdomen, history_of_alcohol_consumption, fluid_overload,,,,,,,,,,,,"['yellowish_skin', 'abdominal_pain', 'swelling_of_stomach', 'distention_of_abdomen', 'history_of_alcohol_consumption', 'fluid_overload']", yellowish_skin  abdominal_pain  swelling_of_stomach  distention_of_abdomen  history_of_alcohol_consumption  fluid_overload,27,6
Alcoholic hepatitis, vomiting, abdominal_pain, swelling_of_stomach, distention_of_abdomen, history_of_alcohol_consumption, fluid_overload,,,,,,,,,,,,"['vomiting', 'abdominal_pain', 'swelling_of_stomach', 'distention_of_abdomen', 'history_of_alcohol_consumption', 'fluid_overload']", vomiting  abdominal_pain  swelling_of_stomach  distention_of_abdomen  history_of_alcohol_consumption  fluid_overload,29,6
Alcoholic hepatitis, vomiting, yellowish_skin, swelling_of_stomach, distention_of_abdomen, history_of_alcohol_consumption, fluid_overload,,,,,,,,,,,,"['vomiting', 'yellowish_skin', 'swelling_of_stomach', 'distention_of_abdomen', 'history_of_alcohol_consumption', 'fluid_overload']", vomiting  yellowish_skin  swelling_of_stomach  distention_of_abdomen  history_of_alcohol_consumption  fluid_overload,28,6
Alcoholic hepatitis, vomiting, yellowish_skin, abdominal_pain, distention_of_abdomen, history_of_alcohol_consumption, fluid_overload,,,,,,,,,,,,"['vomiting', 'yellowish_skin', 'abdominal_pain', 'distention_of_abdomen', 'history_of_alcohol_consumption', 'fluid_overload']", vomiting  yellowish_skin  abdominal_pain  distention_of_abdomen  history_of_alcohol_consumption  fluid_overload,25,6
Alcoholic hepatitis, vomiting, yellowish_skin, abdominal_pain, swelling_of_stomach, history_of_alcohol_consumption, fluid_overload,,,,,,,,,,,,"['vomiting', 'yellowish_skin', 'abdominal_pain', 'swelling_of_stomach', 'history_of_alcohol_consumption', 'fluid_overload']", vomiting  yellowish_skin  abdominal_pain  swelling_of_stomach  history_of_alcohol_consumption  fluid_overload,28,6
Alcoholic hepatitis, vomiting, yellowish_skin, abdominal_pain, swelling_of_stomach, distention_of_abdomen, fluid_overload,,,,,,,,,,,,"['vomiting', 'yellowish_skin', 'abdominal_pain', 'swelling_of_stomach', 'distention_of_abdomen', 'fluid_overload']", vomiting  yellowish_skin  abdominal_pain  swelling_of_stomach  distention_of_abdomen  fluid_overload,27,6
Alcoholic hepatitis, vomiting, yellowish_skin, abdominal_pain, swelling_of_stomach, distention_of_abdomen, history_of_alcohol_consumption,,,,,,,,,,,,"['vomiting', 'yellowish_skin', 'abdominal_pain', 'swelling_of_stomach', 'distention_of_abdomen', 'history_of_alcohol_consumption']", vomiting  yellowish_skin  abdominal_pain  swelling_of_stomach  distention_of_abdomen  history_of_alcohol_consumption,28,6
Tuberculosis, chills, vomiting, fatigue, weight_loss, cough, high_fever, breathlessness, sweating, loss_of_appetite, mild_fever, yellowing_of_eyes, swelled_lymph_nodes, malaise, phlegm, chest_pain, blood_in_sputum,,"['chills', 'vomiting', 'fatigue', 'weight_loss', 'cough', 'high_fever', 'breathlessness', 'sweating', 'loss_of_appetite', 'mild_fever', 'yellowing_of_eyes', 'swelled_lymph_nodes', 'malaise', 'phlegm', 'chest_pain', 'blood_in_sputum']", chills  vomiting  fatigue  weight_loss  cough  high_fever  breathlessness  sweating  loss_of_appetite  mild_fever  yellowing_of_eyes  swelled_lymph_nodes  malaise  phlegm  chest_pain  blood_in_sputum,75,16
Tuberculosis, vomiting, fatigue, weight_loss, cough, high_fever, breathlessness, sweating, loss_of_appetite, mild_fever, yellowing_of_eyes, swelled_lymph_nodes, malaise, phlegm, chest_pain, blood_in_sputum,,,"['vomiting', 'fatigue', 'weight_loss', 'cough', 'high_fever', 'breathlessness', 'sweating', 'loss_of_appetite', 'mild_fever', 'yellowing_of_eyes', 'swelled_lymph_nodes', 'malaise', 'phlegm', 'chest_pain', 'blood_in_sputum']", vomiting  fatigue  weight_loss  cough  high_fever  breathlessness  sweating  loss_of_appetite  mild_fever  yellowing_of_eyes  swelled_lymph_nodes  malaise  phlegm  chest_pain  blood_in_sputum,72,15
Tuberculosis, chills, fatigue, weight_loss, cough, high_fever, breathlessness, sweating, loss_of_appetite, mild_fever, yellowing_of_eyes, swelled_lymph_nodes, malaise, phlegm, chest_pain, blood_in_sputum,,,"['chills', 'fatigue', 'weight_loss', 'cough', 'high_fever', 'breathlessness', 'sweating', 'loss_of_appetite', 'mild_fever', 'yellowing_of_eyes', 'swelled_lymph_nodes', 'malaise', 'phlegm', 'chest_pain', 'blood_in_sputum']", chills  fatigue  weight_loss  cough  high_fever  breathlessness  sweating  loss_of_appetite  mild_fever  yellowing_of_eyes  swelled_lymph_nodes  malaise  phlegm  chest_pain  blood_in_sputum,70,15
Tuberculosis, chills, vomiting, weight_loss, cough, high_fever, breathlessness, sweating, loss_of_appetite, mild_fever, yellowing_of_eyes, swelled_lymph_nodes, malaise, phlegm, chest_pain, blood_in_sputum,,,"['chills', 'vomiting', 'weight_loss', 'cough', 'high_fever', 'breathlessness', 'sweating', 'loss_of_appetite', 'mild_fever', 'yellowing_of_eyes', 'swelled_lymph_nodes', 'malaise', 'phlegm', 'chest_pain', 'blood_in_sputum']", chills  vomiting  weight_loss  cough  high_fever  breathlessness  sweating  loss_of_appetite  mild_fever  yellowing_of_eyes  swelled_lymph_nodes  malaise  phlegm  chest_pain  blood_in_sputum,71,15
Tuberculosis, chills, vomiting, fatigue, cough, high_fever, breathlessness, sweating, loss_of_appetite, mild_fever, yellowing_of_eyes, swelled_lymph_nodes, malaise, phlegm, chest_pain, blood_in_sputum,,,"['chills', 'vomiting', 'fatigue', 'cough', 'high_fever', 'breathlessness', 'sweating', 'loss_of_appetite', 'mild_fever', 'yellowing_of_eyes', 'swelled_lymph_nodes', 'malaise', 'phlegm', 'chest_pain', 'blood_in_sputum']", chills  vomiting  fatigue  cough  high_fever  breathlessness  sweating  loss_of_appetite  mild_fever  yellowing_of_eyes  swelled_lymph_nodes  malaise  phlegm  chest_pain  blood_in_sputum,72,15
Tuberculosis, chills, vomiting, fatigue, weight_loss, high_fever, breathlessness, sweating, loss_of_appetite, mild_fever, yellowing_of_eyes, swelled_lymph_nodes, malaise, phlegm, chest_pain, blood_in_sputum,,,"['chills', 'vomiting', 'fatigue', 'weight_loss', 'high_fever', 'breathlessness', 'sweating', 'loss_of_appetite', 'mild_fever', 'yellowing_of_eyes', 'swelled_lymph_nodes', 'malaise', 'phlegm', 'chest_pain', 'blood_in_sputum']", chills  vomiting  fatigue  weight_loss  high_fever  breathlessness  sweating  loss_of_appetite  mild_fever  yellowing_of_eyes  swelled_lymph_nodes  malaise  phlegm  chest_pain  blood_in_sputum,71,15
Tuberculosis, chills, vomiting, fatigue, weight_loss, cough, breathlessness, sweating, loss_of_appetite, mild_fever, yellowing_of_eyes, swelled_lymph_nodes, malaise, phlegm, chest_pain, blood_in_sputum,,,"['chills', 'vomiting', 'fatigue', 'weight_loss', 'cough', 'breathlessness', 'sweating', 'loss_of_appetite', 'mild_fever', 'yellowing_of_eyes', 'swelled_lymph_nodes', 'malaise', 'phlegm', 'chest_pain', 'blood_in_sputum']", chills  vomiting  fatigue  weight_loss  cough  breathlessness  sweating  loss_of_appetite  mild_fever  yellowing_of_eyes  swelled_lymph_nodes  malaise  phlegm  chest_pain  blood_in_sputum,68,15
Tuberculosis, chills, vomiting, fatigue, weight_loss, cough, high_fever, sweating, loss_of_appetite, mild_fever, yellowing_of_eyes, swelled_lymph_nodes, malaise, phlegm, chest_pain, blood_in_sputum,,,"['chills', 'vomiting', 'fatigue', 'weight_loss', 'cough', 'high_fever', 'sweating', 'loss_of_appetite', 'mild_fever', 'yellowing_of_eyes', 'swelled_lymph_nodes', 'malaise', 'phlegm', 'chest_pain', 'blood_in_sputum']", chills  vomiting  fatigue  weight_loss  cough  high_fever  sweating  loss_of_appetite  mild_fever  yellowing_of_eyes  swelled_lymph_nodes  malaise  phlegm  chest_pain  blood_in_sputum,71,15
Tuberculosis, chills, vomiting, fatigue, weight_loss, cough, high_fever, breathlessness, loss_of_appetite, mild_fever, yellowing_of_eyes, swelled_lymph_nodes, malaise, phlegm, chest_pain, blood_in_sputum,,,"['chills', 'vomiting', 'fatigue', 'weight_loss', 'cough', 'high_fever', 'breathlessness', 'loss_of_appetite', 'mild_fever', 'yellowing_of_eyes', 'swelled_lymph_nodes', 'malaise', 'phlegm', 'chest_pain', 'blood_in_sputum']", chills  vomiting  fatigue  weight_loss  cough  high_fever  breathlessness  loss_of_appetite  mild_fever  yellowing_of_eyes  swelled_lymph_nodes  malaise  phlegm  chest_pain  blood_in_sputum,72,15
Common Cold, continuous_sneezing, chills, fatigue, cough, high_fever, headache, swelled_lymph_nodes, malaise, phlegm, throat_irritation, redness_of_eyes, sinus_pressure, runny_nose, congestion, chest_pain, loss_of_smell, muscle_pain,"['continuous_sneezing', 'chills', 'fatigue', 'cough', 'high_fever', 'headache', 'swelled_lymph_nodes', 'malaise', 'phlegm', 'throat_irritation', 'redness_of_eyes', 'sinus_pressure', 'runny_nose', 'congestion', 'chest_pain', 'loss_of_smell', 'muscle_pain']", continuous_sneezing  chills  fatigue  cough  high_fever  headache  swelled_lymph_nodes  malaise  phlegm  throat_irritation  redness_of_eyes  sinus_pressure  runny_nose  congestion  chest_pain  loss_of_smell  muscle_pain,77,17
Common Cold, chills, fatigue, cough, high_fever, headache, swelled_lymph_nodes, malaise, phlegm, throat_irritation, redness_of_eyes, sinus_pressure, runny_nose, congestion, chest_pain, loss_of_smell, muscle_pain,,"['chills', 'fatigue', 'cough', 'high_fever', 'headache', 'swelled_lymph_nodes', 'malaise', 'phlegm', 'throat_irritation', 'redness_of_eyes', 'sinus_pressure', 'runny_nose', 'congestion', 'chest_pain', 'loss_of_smell', 'muscle_pain']", chills  fatigue  cough  high_fever  headache  swelled_lymph_nodes  malaise  phlegm  throat_irritation  redness_of_eyes  sinus_pressure  runny_nose  congestion  chest_pain  loss_of_smell  muscle_pain,73,16
Common Cold, continuous_sneezing, fatigue, cough, high_fever, headache, swelled_lymph_nodes, malaise, phlegm, throat_irritation, redness_of_eyes, sinus_pressure, runny_nose, congestion, chest_pain, loss_of_smell, muscle_pain,,"['continuous_sneezing', 'fatigue', 'cough', 'high_fever', 'headache', 'swelled_lymph_nodes', 'malaise', 'phlegm', 'throat_irritation', 'redness_of_eyes', 'sinus_pressure', 'runny_nose', 'congestion', 'chest_pain', 'loss_of_smell', 'muscle_pain']", continuous_sneezing  fatigue  cough  high_fever  headache  swelled_lymph_nodes  malaise  phlegm  throat_irritation  redness_of_eyes  sinus_pressure  runny_nose  congestion  chest_pain  loss_of_smell  muscle_pain,74,16
Common Cold, continuous_sneezing, chills, cough, high_fever, headache, swelled_lymph_nodes, malaise, phlegm, throat_irritation, redness_of_eyes, sinus_pressure, runny_nose, congestion, chest_pain, loss_of_smell, muscle_pain,,"['continuous_sneezing', 'chills', 'cough', 'high_fever', 'headache', 'swelled_lymph_nodes', 'malaise', 'phlegm', 'throat_irritation', 'redness_of_eyes', 'sinus_pressure', 'runny_nose', 'congestion', 'chest_pain', 'loss_of_smell', 'muscle_pain']", continuous_sneezing  chills  cough  high_fever  headache  swelled_lymph_nodes  malaise  phlegm  throat_irritation  redness_of_eyes  sinus_pressure  runny_nose  congestion  chest_pain  loss_of_smell  muscle_pain,73,16
Common Cold, continuous_sneezing, chills, fatigue, high_fever, headache, swelled_lymph_nodes, malaise, phlegm, throat_irritation, redness_of_eyes, sinus_pressure, runny_nose, congestion, chest_pain, loss_of_smell, muscle_pain,,"['continuous_sneezing', 'chills', 'fatigue', 'high_fever', 'headache', 'swelled_lymph_nodes', 'malaise', 'phlegm', 'throat_irritation', 'redness_of_eyes', 'sinus_pressure', 'runny_nose', 'congestion', 'chest_pain', 'loss_of_smell', 'muscle_pain']", continuous_sneezing  chills  fatigue  high_fever  headache  swelled_lymph_nodes  malaise  phlegm  throat_irritation  redness_of_eyes  sinus_pressure  runny_nose  congestion  chest_pain  loss_of_smell  muscle_pain,73,16
Common Cold, continuous_sneezing, chills, fatigue, cough, headache, swelled_lymph_nodes, malaise, phlegm, throat_irritation, redness_of_eyes, sinus_pressure, runny_nose, congestion, chest_pain, loss_of_smell, muscle_pain,,"['continuous_sneezing', 'chills', 'fatigue', 'cough', 'headache', 'swelled_lymph_nodes', 'malaise', 'phlegm', 'throat_irritation', 'redness_of_eyes', 'sinus_pressure', 'runny_nose', 'congestion', 'chest_pain', 'loss_of_smell', 'muscle_pain']", continuous_sneezing  chills  fatigue  cough  headache  swelled_lymph_nodes  malaise  phlegm  throat_irritation  redness_of_eyes  sinus_pressure  runny_nose  congestion  chest_pain  loss_of_smell  muscle_pain,70,16
Common Cold, continuous_sneezing, chills, fatigue, cough, high_fever, swelled_lymph_nodes, malaise, phlegm, throat_irritation, redness_of_eyes, sinus_pressure, runny_nose, congestion, chest_pain, loss_of_smell, muscle_pain,,"['continuous_sneezing', 'chills', 'fatigue', 'cough', 'high_fever', 'swelled_lymph_nodes', 'malaise', 'phlegm', 'throat_irritation', 'redness_of_eyes', 'sinus_pressure', 'runny_nose', 'congestion', 'chest_pain', 'loss_of_smell', 'muscle_pain']", continuous_sneezing  chills  fatigue  cough  high_fever  swelled_lymph_nodes  malaise  phlegm  throat_irritation  redness_of_eyes  sinus_pressure  runny_nose  congestion  chest_pain  loss_of_smell  muscle_pain,74,16
Common Cold, continuous_sneezing, chills, fatigue, cough, high_fever, headache, malaise, phlegm, throat_irritation, redness_of_eyes, sinus_pressure, runny_nose, congestion, chest_pain, loss_of_smell, muscle_pain,,"['continuous_sneezing', 'chills', 'fatigue', 'cough', 'high_fever', 'headache', 'malaise', 'phlegm', 'throat_irritation', 'redness_of_eyes', 'sinus_pressure', 'runny_nose', 'congestion', 'chest_pain', 'loss_of_smell', 'muscle_pain']", continuous_sneezing  chills  fatigue  cough  high_fever  headache  malaise  phlegm  throat_irritation  redness_of_eyes  sinus_pressure  runny_nose  congestion  chest_pain  loss_of_smell  muscle_pain,71,16
Common Cold, continuous_sneezing, chills, fatigue, cough, high_fever, headache, swelled_lymph_nodes, phlegm, throat_irritation, redness_of_eyes, sinus_pressure, runny_nose, congestion, chest_pain, loss_of_smell, muscle_pain,,"['continuous_sneezing', 'chills', 'fatigue', 'cough', 'high_fever', 'headache', 'swelled_lymph_nodes', 'phlegm', 'throat_irritation', 'redness_of_eyes', 'sinus_pressure', 'runny_nose', 'congestion', 'chest_pain', 'loss_of_smell', 'muscle_pain']", continuous_sneezing  chills  fatigue  cough  high_fever  headache  swelled_lymph_nodes  phlegm  throat_irritation  redness_of_eyes  sinus_pressure  runny_nose  congestion  chest_pain  loss_of_smell  muscle_pain,71,16
Pneumonia, chills, fatigue, cough, high_fever, breathlessness, sweating, malaise, chest_pain, fast_heart_rate, rusty_sputum,,,,,,,,"['chills', 'fatigue', 'cough', 'high_fever', 'breathlessness', 'sweating', 'malaise', 'chest_pain', 'fast_heart_rate', 'rusty_sputum']", chills  fatigue  cough  high_fever  breathlessness  sweating  malaise  chest_pain  fast_heart_rate  rusty_sputum,47,10
Pneumonia, chills, fatigue, cough, high_fever, breathlessness, sweating, malaise, phlegm, chest_pain, fast_heart_rate, rusty_sputum,,,,,,,"['chills', 'fatigue', 'cough', 'high_fever', 'breathlessness', 'sweating', 'malaise', 'phlegm', 'chest_pain', 'fast_heart_rate', 'rusty_sputum']", chills  fatigue  cough  high_fever  breathlessness  sweating  malaise  phlegm  chest_pain  fast_heart_rate  rusty_sputum,52,11
Pneumonia, fatigue, cough, high_fever, breathlessness, sweating, malaise, phlegm, chest_pain, fast_heart_rate, rusty_sputum,,,,,,,,"['fatigue', 'cough', 'high_fever', 'breathlessness', 'sweating', 'malaise', 'phlegm', 'chest_pain', 'fast_heart_rate', 'rusty_sputum']", fatigue  cough  high_fever  breathlessness  sweating  malaise  phlegm  chest_pain  fast_heart_rate  rusty_sputum,49,10
Pneumonia, chills, cough, high_fever, breathlessness, sweating, malaise, phlegm, chest_pain, fast_heart_rate, rusty_sputum,,,,,,,,"['chills', 'cough', 'high_fever', 'breathlessness', 'sweating', 'malaise', 'phlegm', 'chest_pain', 'fast_heart_rate', 'rusty_sputum']", chills  cough  high_fever  breathlessness  sweating  malaise  phlegm  chest_pain  fast_heart_rate  rusty_sputum,48,10
Pneumonia, chills, fatigue, high_fever, breathlessness, sweating, malaise, phlegm, chest_pain, fast_heart_rate, rusty_sputum,,,,,,,,"['chills', 'fatigue', 'high_fever', 'breathlessness', 'sweating', 'malaise', 'phlegm', 'chest_pain', 'fast_heart_rate', 'rusty_sputum']", chills  fatigue  high_fever  breathlessness  sweating  malaise  phlegm  chest_pain  fast_heart_rate  rusty_sputum,48,10
Pneumonia, chills, fatigue, cough, breathlessness, sweating, malaise, phlegm, chest_pain, fast_heart_rate, rusty_sputum,,,,,,,,"['chills', 'fatigue', 'cough', 'breathlessness', 'sweating', 'malaise', 'phlegm', 'chest_pain', 'fast_heart_rate', 'rusty_sputum']", chills  fatigue  cough  breathlessness  sweating  malaise  phlegm  chest_pain  fast_heart_rate  rusty_sputum,45,10
Pneumonia, chills, fatigue, cough, high_fever, sweating, malaise, phlegm, chest_pain, fast_heart_rate, rusty_sputum,,,,,,,,"['chills', 'fatigue', 'cough', 'high_fever', 'sweating', 'malaise', 'phlegm', 'chest_pain', 'fast_heart_rate', 'rusty_sputum']", chills  fatigue  cough  high_fever  sweating  malaise  phlegm  chest_pain  fast_heart_rate  rusty_sputum,48,10
Pneumonia, chills, fatigue, cough, high_fever, breathlessness, malaise, phlegm, chest_pain, fast_heart_rate, rusty_sputum,,,,,,,,"['chills', 'fatigue', 'cough', 'high_fever', 'breathlessness', 'malaise', 'phlegm', 'chest_pain', 'fast_heart_rate', 'rusty_sputum']", chills  fatigue  cough  high_fever  breathlessness  malaise  phlegm  chest_pain  fast_heart_rate  rusty_sputum,49,10
Pneumonia, chills, fatigue, cough, high_fever, breathlessness, sweating, phlegm, chest_pain, fast_heart_rate, rusty_sputum,,,,,,,,"['chills', 'fatigue', 'cough', 'high_fever', 'breathlessness', 'sweating', 'phlegm', 'chest_pain', 'fast_heart_rate', 'rusty_sputum']", chills  fatigue  cough  high_fever  breathlessness  sweating  phlegm  chest_pain  fast_heart_rate  rusty_sputum,46,10
Dimorphic hemmorhoids(piles), constipation, pain_during_bowel_movements, pain_in_anal_region, bloody_stool, irritation_in_anus,,,,,,,,,,,,,"['constipation', 'pain_during_bowel_movements', 'pain_in_anal_region', 'bloody_stool', 'irritation_in_anus']", constipation  pain_during_bowel_movements  pain_in_anal_region  bloody_stool  irritation_in_anus,26,5
Dimorphic hemmorhoids(piles), pain_during_bowel_movements, pain_in_anal_region, bloody_stool, irritation_in_anus,,,,,,,,,,,,,,"['pain_during_bowel_movements', 'pain_in_anal_region', 'bloody_stool', 'irritation_in_anus']", pain_during_bowel_movements  pain_in_anal_region  bloody_stool  irritation_in_anus,22,4
Dimorphic hemmorhoids(piles), constipation, pain_in_anal_region, bloody_stool, irritation_in_anus,,,,,,,,,,,,,,"['constipation', 'pain_in_anal_region', 'bloody_stool', 'irritation_in_anus']", constipation  pain_in_anal_region  bloody_stool  irritation_in_anus,21,4
Dimorphic hemmorhoids(piles), constipation, pain_during_bowel_movements, bloody_stool, irritation_in_anus,,,,,,,,,,,,,,"['constipation', 'pain_during_bowel_movements', 'bloody_stool', 'irritation_in_anus']", constipation  pain_during_bowel_movements  bloody_stool  irritation_in_anus,20,4
Dimorphic hemmorhoids(piles), constipation, pain_during_bowel_movements, pain_in_anal_region, irritation_in_anus,,,,,,,,,,,,,,"['constipation', 'pain_during_bowel_movements', 'pain_in_anal_region', 'irritation_in_anus']", constipation  pain_during_bowel_movements  pain_in_anal_region  irritation_in_anus,21,4
Dimorphic hemmorhoids(piles), constipation, pain_during_bowel_movements, pain_in_anal_region, bloody_stool,,,,,,,,,,,,,,"['constipation', 'pain_during_bowel_movements', 'pain_in_anal_region', 'bloody_stool']", constipation  pain_during_bowel_movements  pain_in_anal_region  bloody_stool,20,4
Heart attack, vomiting, breathlessness, sweating, chest_pain,,,,,,,,,,,,,,"['vomiting', 'breathlessness', 'sweating', 'chest_pain']", vomiting  breathlessness  sweating  chest_pain,19,4
Heart attack, breathlessness, sweating, chest_pain,,,,,,,,,,,,,,,"['breathlessness', 'sweating', 'chest_pain']", breathlessness  sweating  chest_pain,14,3
Heart attack, vomiting, sweating, chest_pain,,,,,,,,,,,,,,,"['vomiting', 'sweating', 'chest_pain']", vomiting  sweating  chest_pain,15,3
Heart attack, vomiting, breathlessness, chest_pain,,,,,,,,,,,,,,,"['vomiting', 'breathlessness', 'chest_pain']", vomiting  breathlessness  chest_pain,16,3
Heart attack, vomiting, breathlessness, sweating,,,,,,,,,,,,,,,"['vomiting', 'breathlessness', 'sweating']", vomiting  breathlessness  sweating,12,3
Varicose veins, fatigue, cramps, bruising, obesity, swollen_legs, swollen_blood_vessels, prominent_veins_on_calf,,,,,,,,,,,"['fatigue', 'cramps', 'bruising', 'obesity', 'swollen_legs', 'swollen_blood_vessels', 'prominent_veins_on_calf']", fatigue  cramps  bruising  obesity  swollen_legs  swollen_blood_vessels  prominent_veins_on_calf,32,7
Varicose veins, cramps, bruising, obesity, swollen_legs, swollen_blood_vessels, prominent_veins_on_calf,,,,,,,,,,,,"['cramps', 'bruising', 'obesity', 'swollen_legs', 'swollen_blood_vessels', 'prominent_veins_on_calf']", cramps  bruising  obesity  swollen_legs  swollen_blood_vessels  prominent_veins_on_calf,28,6
Varicose veins, fatigue, bruising, obesity, swollen_legs, swollen_blood_vessels, prominent_veins_on_calf,,,,,,,,,,,,"['fatigue', 'bruising', 'obesity', 'swollen_legs', 'swollen_blood_vessels', 'prominent_veins_on_calf']", fatigue  bruising  obesity  swollen_legs  swollen_blood_vessels  prominent_veins_on_calf,28,6
Varicose veins, fatigue, cramps, obesity, swollen_legs, swollen_blood_vessels, prominent_veins_on_calf,,,,,,,,,,,,"['fatigue', 'cramps', 'obesity', 'swollen_legs', 'swollen_blood_vessels', 'prominent_veins_on_calf']", fatigue  cramps  obesity  swollen_legs  swollen_blood_vessels  prominent_veins_on_calf,28,6
Varicose veins, fatigue, cramps, bruising, swollen_legs, swollen_blood_vessels, prominent_veins_on_calf,,,,,,,,,,,,"['fatigue', 'cramps', 'bruising', 'swollen_legs', 'swollen_blood_vessels', 'prominent_veins_on_calf']", fatigue  cramps  bruising  swollen_legs  swollen_blood_vessels  prominent_veins_on_calf,28,6
Varicose veins, fatigue, cramps, bruising, obesity, swollen_blood_vessels, prominent_veins_on_calf,,,,,,,,,,,,"['fatigue', 'cramps', 'bruising', 'obesity', 'swollen_blood_vessels', 'prominent_veins_on_calf']", fatigue  cramps  bruising  obesity  swollen_blood_vessels  prominent_veins_on_calf,27,6
Varicose veins, fatigue, cramps, bruising, obesity, swollen_legs, prominent_veins_on_calf,,,,,,,,,,,,"['fatigue', 'cramps', 'bruising', 'obesity', 'swollen_legs', 'prominent_veins_on_calf']", fatigue  cramps  bruising  obesity  swollen_legs  prominent_veins_on_calf,27,6
Varicose veins, fatigue, cramps, bruising, obesity, swollen_legs, swollen_blood_vessels,,,,,,,,,,,,"['fatigue', 'cramps', 'bruising', 'obesity', 'swollen_legs', 'swollen_blood_vessels']", fatigue  cramps  bruising  obesity  swollen_legs  swollen_blood_vessels,26,6
Hypothyroidism, fatigue, weight_gain, cold_hands_and_feets, mood_swings, lethargy, dizziness, puffy_face_and_eyes, enlarged_thyroid, brittle_nails, swollen_extremeties, depression, irritability, abnormal_menstruation,,,,,"['fatigue', 'weight_gain', 'cold_hands_and_feets', 'mood_swings', 'lethargy', 'dizziness', 'puffy_face_and_eyes', 'enlarged_thyroid', 'brittle_nails', 'swollen_extremeties', 'depression', 'irritability', 'abnormal_menstruation']", fatigue  weight_gain  cold_hands_and_feets  mood_swings  lethargy  dizziness  puffy_face_and_eyes  enlarged_thyroid  brittle_nails  swollen_extremeties  depression  irritability  abnormal_menstruation,53,13
Hypothyroidism, weight_gain, cold_hands_and_feets, mood_swings, lethargy, dizziness, puffy_face_and_eyes, enlarged_thyroid, brittle_nails, swollen_extremeties, depression, irritability, abnormal_menstruation,,,,,,"['weight_gain', 'cold_hands_and_feets', 'mood_swings', 'lethargy', 'dizziness', 'puffy_face_and_eyes', 'enlarged_thyroid', 'brittle_nails', 'swollen_extremeties', 'depression', 'irritability', 'abnormal_menstruation']", weight_gain  cold_hands_and_feets  mood_swings  lethargy  dizziness  puffy_face_and_eyes  enlarged_thyroid  brittle_nails  swollen_extremeties  depression  irritability  abnormal_menstruation,49,12
Hypothyroidism, fatigue, cold_hands_and_feets, mood_swings, lethargy, dizziness, puffy_face_and_eyes, enlarged_thyroid, brittle_nails, swollen_extremeties, depression, irritability, abnormal_menstruation,,,,,,"['fatigue', 'cold_hands_and_feets', 'mood_swings', 'lethargy', 'dizziness', 'puffy_face_and_eyes', 'enlarged_thyroid', 'brittle_nails', 'swollen_extremeties', 'depression', 'irritability', 'abnormal_menstruation']", fatigue  cold_hands_and_feets  mood_swings  lethargy  dizziness  puffy_face_and_eyes  enlarged_thyroid  brittle_nails  swollen_extremeties  depression  irritability  abnormal_menstruation,50,12
Hypothyroidism, fatigue, weight_gain, mood_swings, lethargy, dizziness, puffy_face_and_eyes, enlarged_thyroid, brittle_nails, swollen_extremeties, depression, irritability, abnormal_menstruation,,,,,,"['fatigue', 'weight_gain', 'mood_swings', 'lethargy', 'dizziness', 'puffy_face_and_eyes', 'enlarged_thyroid', 'brittle_nails', 'swollen_extremeties', 'depression', 'irritability', 'abnormal_menstruation']", fatigue  weight_gain  mood_swings  lethargy  dizziness  puffy_face_and_eyes  enlarged_thyroid  brittle_nails  swollen_extremeties  depression  irritability  abnormal_menstruation,48,12
Hypothyroidism, fatigue, weight_gain, cold_hands_and_feets, lethargy, dizziness, puffy_face_and_eyes, enlarged_thyroid, brittle_nails, swollen_extremeties, depression, irritability, abnormal_menstruation,,,,,,"['fatigue', 'weight_gain', 'cold_hands_and_feets', 'lethargy', 'dizziness', 'puffy_face_and_eyes', 'enlarged_thyroid', 'brittle_nails', 'swollen_extremeties', 'depression', 'irritability', 'abnormal_menstruation']", fatigue  weight_gain  cold_hands_and_feets  lethargy  dizziness  puffy_face_and_eyes  enlarged_thyroid  brittle_nails  swollen_extremeties  depression  irritability  abnormal_menstruation,50,12
Hypothyroidism, fatigue, weight_gain, cold_hands_and_feets, mood_swings, dizziness, puffy_face_and_eyes, enlarged_thyroid, brittle_nails, swollen_extremeties, depression, irritability, abnormal_menstruation,,,,,,"['fatigue', 'weight_gain', 'cold_hands_and_feets', 'mood_swings', 'dizziness', 'puffy_face_and_eyes', 'enlarged_thyroid', 'brittle_nails', 'swollen_extremeties', 'depression', 'irritability', 'abnormal_menstruation']", fatigue  weight_gain  cold_hands_and_feets  mood_swings  dizziness  puffy_face_and_eyes  enlarged_thyroid  brittle_nails  swollen_extremeties  depression  irritability  abnormal_menstruation,51,12
Hypothyroidism, fatigue, weight_gain, cold_hands_and_feets, mood_swings, lethargy, puffy_face_and_eyes, enlarged_thyroid, brittle_nails, swollen_extremeties, depression, irritability, abnormal_menstruation,,,,,,"['fatigue', 'weight_gain', 'cold_hands_and_feets', 'mood_swings', 'lethargy', 'puffy_face_and_eyes', 'enlarged_thyroid', 'brittle_nails', 'swollen_extremeties', 'depression', 'irritability', 'abnormal_menstruation']", fatigue  weight_gain  cold_hands_and_feets  mood_swings  lethargy  puffy_face_and_eyes  enlarged_thyroid  brittle_nails  swollen_extremeties  depression  irritability  abnormal_menstruation,49,12
Hypothyroidism, fatigue, weight_gain, cold_hands_and_feets, mood_swings, lethargy, dizziness, enlarged_thyroid, brittle_nails, swollen_extremeties, depression, irritability, abnormal_menstruation,,,,,,"['fatigue', 'weight_gain', 'cold_hands_and_feets', 'mood_swings', 'lethargy', 'dizziness', 'enlarged_thyroid', 'brittle_nails', 'swollen_extremeties', 'depression', 'irritability', 'abnormal_menstruation']", fatigue  weight_gain  cold_hands_and_feets  mood_swings  lethargy  dizziness  enlarged_thyroid  brittle_nails  swollen_extremeties  depression  irritability  abnormal_menstruation,48,12
Hyperthyroidism, fatigue, mood_swings, weight_loss, restlessness, sweating, diarrhoea, fast_heart_rate, excessive_hunger, muscle_weakness, irritability, abnormal_menstruation,,,,,,,"['fatigue', 'mood_swings', 'weight_loss', 'restlessness', 'sweating', 'diarrhoea', 'fast_heart_rate', 'excessive_hunger', 'muscle_weakness', 'irritability', 'abnormal_menstruation']", fatigue  mood_swings  weight_loss  restlessness  sweating  diarrhoea  fast_heart_rate  excessive_hunger  muscle_weakness  irritability  abnormal_menstruation,43,11
Hyperthyroidism, mood_swings, weight_loss, restlessness, sweating, diarrhoea, fast_heart_rate, excessive_hunger, muscle_weakness, irritability, abnormal_menstruation,,,,,,,,"['mood_swings', 'weight_loss', 'restlessness', 'sweating', 'diarrhoea', 'fast_heart_rate', 'excessive_hunger', 'muscle_weakness', 'irritability', 'abnormal_menstruation']", mood_swings  weight_loss  restlessness  sweating  diarrhoea  fast_heart_rate  excessive_hunger  muscle_weakness  irritability  abnormal_menstruation,39,10
Hyperthyroidism, fatigue, weight_loss, restlessness, sweating, diarrhoea, fast_heart_rate, excessive_hunger, muscle_weakness, irritability, abnormal_menstruation,,,,,,,,"['fatigue', 'weight_loss', 'restlessness', 'sweating', 'diarrhoea', 'fast_heart_rate', 'excessive_hunger', 'muscle_weakness', 'irritability', 'abnormal_menstruation']", fatigue  weight_loss  restlessness  sweating  diarrhoea  fast_heart_rate  excessive_hunger  muscle_weakness  irritability  abnormal_menstruation,40,10
Hyperthyroidism, fatigue, mood_swings, restlessness, sweating, diarrhoea, fast_heart_rate, excessive_hunger, muscle_weakness, irritability, abnormal_menstruation,,,,,,,,"['fatigue', 'mood_swings', 'restlessness', 'sweating', 'diarrhoea', 'fast_heart_rate', 'excessive_hunger', 'muscle_weakness', 'irritability', 'abnormal_menstruation']", fatigue  mood_swings  restlessness  sweating  diarrhoea  fast_heart_rate  excessive_hunger  muscle_weakness  irritability  abnormal_menstruation,40,10
Hyperthyroidism, fatigue, mood_swings, weight_loss, sweating, diarrhoea, fast_heart_rate, excessive_hunger, muscle_weakness, irritability, abnormal_menstruation,,,,,,,,"['fatigue', 'mood_swings', 'weight_loss', 'sweating', 'diarrhoea', 'fast_heart_rate', 'excessive_hunger', 'muscle_weakness', 'irritability', 'abnormal_menstruation']", fatigue  mood_swings  weight_loss  sweating  diarrhoea  fast_heart_rate  excessive_hunger  muscle_weakness  irritability  abnormal_menstruation,38,10
Hyperthyroidism, fatigue, mood_swings, weight_loss, restlessness, diarrhoea, fast_heart_rate, excessive_hunger, muscle_weakness, irritability, abnormal_menstruation,,,,,,,,"['fatigue', 'mood_swings', 'weight_loss', 'restlessness', 'diarrhoea', 'fast_heart_rate', 'excessive_hunger', 'muscle_weakness', 'irritability', 'abnormal_menstruation']", fatigue  mood_swings  weight_loss  restlessness  diarrhoea  fast_heart_rate  excessive_hunger  muscle_weakness  irritability  abnormal_menstruation,40,10
Hyperthyroidism, fatigue, mood_swings, weight_loss, restlessness, sweating, fast_heart_rate, excessive_hunger, muscle_weakness, irritability, abnormal_menstruation,,,,,,,,"['fatigue', 'mood_swings', 'weight_loss', 'restlessness', 'sweating', 'fast_heart_rate', 'excessive_hunger', 'muscle_weakness', 'irritability', 'abnormal_menstruation']", fatigue  mood_swings  weight_loss  restlessness  sweating  fast_heart_rate  excessive_hunger  muscle_weakness  irritability  abnormal_menstruation,37,10
Hyperthyroidism, fatigue, mood_swings, weight_loss, restlessness, sweating, diarrhoea, excessive_hunger, muscle_weakness, irritability, abnormal_menstruation,,,,,,,,"['fatigue', 'mood_swings', 'weight_loss', 'restlessness', 'sweating', 'diarrhoea', 'excessive_hunger', 'muscle_weakness', 'irritability', 'abnormal_menstruation']", fatigue  mood_swings  weight_loss  restlessness  sweating  diarrhoea  excessive_hunger  muscle_weakness  irritability  abnormal_menstruation,38,10
Hyperthyroidism, fatigue, mood_swings, weight_loss, restlessness, sweating, diarrhoea, fast_heart_rate, muscle_weakness, irritability, abnormal_menstruation,,,,,,,,"['fatigue', 'mood_swings', 'weight_loss', 'restlessness', 'sweating', 'diarrhoea', 'fast_heart_rate', 'muscle_weakness', 'irritability', 'abnormal_menstruation']", fatigue  mood_swings  weight_loss  restlessness  sweating  diarrhoea  fast_heart_rate  muscle_weakness  irritability  abnormal_menstruation,39,10
Hypoglycemia, vomiting, fatigue, anxiety, sweating, headache, nausea, blurred_and_distorted_vision, excessive_hunger, slurred_speech, irritability, palpitations,,,,,,,"['vomiting', 'fatigue', 'anxiety', 'sweating', 'headache', 'nausea', 'blurred_and_distorted_vision', 'excessive_hunger', 'slurred_speech', 'irritability', 'palpitations']", vomiting  fatigue  anxiety  sweating  headache  nausea  blurred_and_distorted_vision  excessive_hunger  slurred_speech  irritability  palpitations,43,11
Hypoglycemia, vomiting, fatigue, anxiety, sweating, headache, nausea, blurred_and_distorted_vision, excessive_hunger, drying_and_tingling_lips, slurred_speech, irritability, palpitations,,,,,,"['vomiting', 'fatigue', 'anxiety', 'sweating', 'headache', 'nausea', 'blurred_and_distorted_vision', 'excessive_hunger', 'drying_and_tingling_lips', 'slurred_speech', 'irritability', 'palpitations']", vomiting  fatigue  anxiety  sweating  headache  nausea  blurred_and_distorted_vision  excessive_hunger  drying_and_tingling_lips  slurred_speech  irritability  palpitations,47,12
Hypoglycemia, fatigue, anxiety, sweating, headache, nausea, blurred_and_distorted_vision, excessive_hunger, drying_and_tingling_lips, slurred_speech, irritability, palpitations,,,,,,,"['fatigue', 'anxiety', 'sweating', 'headache', 'nausea', 'blurred_and_distorted_vision', 'excessive_hunger', 'drying_and_tingling_lips', 'slurred_speech', 'irritability', 'palpitations']", fatigue  anxiety  sweating  headache  nausea  blurred_and_distorted_vision  excessive_hunger  drying_and_tingling_lips  slurred_speech  irritability  palpitations,42,11
Hypoglycemia, vomiting, anxiety, sweating, headache, nausea, blurred_and_distorted_vision, excessive_hunger, drying_and_tingling_lips, slurred_speech, irritability, palpitations,,,,,,,"['vomiting', 'anxiety', 'sweating', 'headache', 'nausea', 'blurred_and_distorted_vision', 'excessive_hunger', 'drying_and_tingling_lips', 'slurred_speech', 'irritability', 'palpitations']", vomiting  anxiety  sweating  headache  nausea  blurred_and_distorted_vision  excessive_hunger  drying_and_tingling_lips  slurred_speech  irritability  palpitations,43,11
Hypoglycemia, vomiting, fatigue, sweating, headache, nausea, blurred_and_distorted_vision, excessive_hunger, drying_and_tingling_lips, slurred_speech, irritability, palpitations,,,,,,,"['vomiting', 'fatigue', 'sweating', 'headache', 'nausea', 'blurred_and_distorted_vision', 'excessive_hunger', 'drying_and_tingling_lips', 'slurred_speech', 'irritability', 'palpitations']", vomiting  fatigue  sweating  headache  nausea  blurred_and_distorted_vision  excessive_hunger  drying_and_tingling_lips  slurred_speech  irritability  palpitations,43,11
Hypoglycemia, vomiting, fatigue, anxiety, headache, nausea, blurred_and_distorted_vision, excessive_hunger, drying_and_tingling_lips, slurred_speech, irritability, palpitations,,,,,,,"['vomiting', 'fatigue', 'anxiety', 'headache', 'nausea', 'blurred_and_distorted_vision', 'excessive_hunger', 'drying_and_tingling_lips', 'slurred_speech', 'irritability', 'palpitations']", vomiting  fatigue  anxiety  headache  nausea  blurred_and_distorted_vision  excessive_hunger  drying_and_tingling_lips  slurred_speech  irritability  palpitations,44,11
Hypoglycemia, vomiting, fatigue, anxiety, sweating, nausea, blurred_and_distorted_vision, excessive_hunger, drying_and_tingling_lips, slurred_speech, irritability, palpitations,,,,,,,"['vomiting', 'fatigue', 'anxiety', 'sweating', 'nausea', 'blurred_and_distorted_vision', 'excessive_hunger', 'drying_and_tingling_lips', 'slurred_speech', 'irritability', 'palpitations']", vomiting  fatigue  anxiety  sweating  nausea  blurred_and_distorted_vision  excessive_hunger  drying_and_tingling_lips  slurred_speech  irritability  palpitations,44,11
Hypoglycemia, vomiting, fatigue, anxiety, sweating, headache, blurred_and_distorted_vision, excessive_hunger, drying_and_tingling_lips, slurred_speech, irritability, palpitations,,,,,,,"['vomiting', 'fatigue', 'anxiety', 'sweating', 'headache', 'blurred_and_distorted_vision', 'excessive_hunger', 'drying_and_tingling_lips', 'slurred_speech', 'irritability', 'palpitations']", vomiting  fatigue  anxiety  sweating  headache  blurred_and_distorted_vision  excessive_hunger  drying_and_tingling_lips  slurred_speech  irritability  palpitations,42,11
Hypoglycemia, vomiting, fatigue, anxiety, sweating, headache, nausea, excessive_hunger, drying_and_tingling_lips, slurred_speech, irritability, palpitations,,,,,,,"['vomiting', 'fatigue', 'anxiety', 'sweating', 'headache', 'nausea', 'excessive_hunger', 'drying_and_tingling_lips', 'slurred_speech', 'irritability', 'palpitations']", vomiting  fatigue  anxiety  sweating  headache  nausea  excessive_hunger  drying_and_tingling_lips  slurred_speech  irritability  palpitations,42,11
Osteoarthristis, joint_pain, neck_pain, knee_pain, hip_joint_pain, swelling_joints, painful_walking,,,,,,,,,,,,"['joint_pain', 'neck_pain', 'knee_pain', 'hip_joint_pain', 'swelling_joints', 'painful_walking']", joint_pain  neck_pain  knee_pain  hip_joint_pain  swelling_joints  painful_walking,20,6
Osteoarthristis, neck_pain, knee_pain, hip_joint_pain, swelling_joints, painful_walking,,,,,,,,,,,,,"['neck_pain', 'knee_pain', 'hip_joint_pain', 'swelling_joints', 'painful_walking']", neck_pain  knee_pain  hip_joint_pain  swelling_joints  painful_walking,17,5
Osteoarthristis, joint_pain, knee_pain, hip_joint_pain, swelling_joints, painful_walking,,,,,,,,,,,,,"['joint_pain', 'knee_pain', 'hip_joint_pain', 'swelling_joints', 'painful_walking']", joint_pain  knee_pain  hip_joint_pain  swelling_joints  painful_walking,15,5
Osteoarthristis, joint_pain, neck_pain, hip_joint_pain, swelling_joints, painful_walking,,,,,,,,,,,,,"['joint_pain', 'neck_pain', 'hip_joint_pain', 'swelling_joints', 'painful_walking']", joint_pain  neck_pain  hip_joint_pain  swelling_joints  painful_walking,17,5
Osteoarthristis, joint_pain, neck_pain, knee_pain, swelling_joints, painful_walking,,,,,,,,,,,,,"['joint_pain', 'neck_pain', 'knee_pain', 'swelling_joints', 'painful_walking']", joint_pain  neck_pain  knee_pain  swelling_joints  painful_walking,18,5
Osteoarthristis, joint_pain, neck_pain, knee_pain, hip_joint_pain, painful_walking,,,,,,,,,,,,,"['joint_pain', 'neck_pain', 'knee_pain', 'hip_joint_pain', 'painful_walking']", joint_pain  neck_pain  knee_pain  hip_joint_pain  painful_walking,15,5
Osteoarthristis, joint_pain, neck_pain, knee_pain, hip_joint_pain, swelling_joints,,,,,,,,,,,,,"['joint_pain', 'neck_pain', 'knee_pain', 'hip_joint_pain', 'swelling_joints']", joint_pain  neck_pain  knee_pain  hip_joint_pain  swelling_joints,18,5
Arthritis, muscle_weakness, stiff_neck, swelling_joints, movement_stiffness, painful_walking,,,,,,,,,,,,,"['muscle_weakness', 'stiff_neck', 'swelling_joints', 'movement_stiffness', 'painful_walking']", muscle_weakness  stiff_neck  swelling_joints  movement_stiffness  painful_walking,18,5
Arthritis, stiff_neck, swelling_joints, movement_stiffness, painful_walking,,,,,,,,,,,,,,"['stiff_neck', 'swelling_joints', 'movement_stiffness', 'painful_walking']", stiff_neck  swelling_joints  movement_stiffness  painful_walking,16,4
Arthritis, muscle_weakness, swelling_joints, movement_stiffness, painful_walking,,,,,,,,,,,,,,"['muscle_weakness', 'swelling_joints', 'movement_stiffness', 'painful_walking']", muscle_weakness  swelling_joints  movement_stiffness  painful_walking,14,4
Arthritis, muscle_weakness, stiff_neck, movement_stiffness, painful_walking,,,,,,,,,,,,,,"['muscle_weakness', 'stiff_neck', 'movement_stiffness', 'painful_walking']", muscle_weakness  stiff_neck  movement_stiffness  painful_walking,13,4
Arthritis, muscle_weakness, stiff_neck, swelling_joints, painful_walking,,,,,,,,,,,,,,"['muscle_weakness', 'stiff_neck', 'swelling_joints', 'painful_walking']", muscle_weakness  stiff_neck  swelling_joints  painful_walking,13,4
Arthritis, muscle_weakness, stiff_neck, swelling_joints, movement_stiffness,,,,,,,,,,,,,,"['muscle_weakness', 'stiff_neck', 'swelling_joints', 'movement_stiffness']", muscle_weakness  stiff_neck  swelling_joints  movement_stiffness,16,4
(vertigo) Paroymsal  Positional Vertigo, vomiting, headache, nausea, spinning_movements, loss_of_balance, unsteadiness,,,,,,,,,,,,"['vomiting', 'headache', 'nausea', 'spinning_movements', 'loss_of_balance', 'unsteadiness']", vomiting  headache  nausea  spinning_movements  loss_of_balance  unsteadiness,27,6
(vertigo) Paroymsal  Positional Vertigo, headache, nausea, spinning_movements, loss_of_balance, unsteadiness,,,,,,,,,,,,,"['headache', 'nausea', 'spinning_movements', 'loss_of_balance', 'unsteadiness']", headache  nausea  spinning_movements  loss_of_balance  unsteadiness,22,5
(vertigo) Paroymsal  Positional Vertigo, vomiting, nausea, spinning_movements, loss_of_balance, unsteadiness,,,,,,,,,,,,,"['vomiting', 'nausea', 'spinning_movements', 'loss_of_balance', 'unsteadiness']", vomiting  nausea  spinning_movements  loss_of_balance  unsteadiness,24,5
(vertigo) Paroymsal  Positional Vertigo, vomiting, headache, spinning_movements, loss_of_balance, unsteadiness,,,,,,,,,,,,,"['vomiting', 'headache', 'spinning_movements', 'loss_of_balance', 'unsteadiness']", vomiting  headache  spinning_movements  loss_of_balance  unsteadiness,22,5
(vertigo) Paroymsal  Positional Vertigo, vomiting, headache, nausea, loss_of_balance, unsteadiness,,,,,,,,,,,,,"['vomiting', 'headache', 'nausea', 'loss_of_balance', 'unsteadiness']", vomiting  headache  nausea  loss_of_balance  unsteadiness,21,5
(vertigo) Paroymsal  Positional Vertigo, vomiting, headache, nausea, spinning_movements, unsteadiness,,,,,,,,,,,,,"['vomiting', 'headache', 'nausea', 'spinning_movements', 'unsteadiness']", vomiting  headache  nausea  spinning_movements  unsteadiness,23,5
(vertigo) Paroymsal  Positional Vertigo, vomiting, headache, nausea, spinning_movements, loss_of_balance,,,,,,,,,,,,,"['vomiting', 'headache', 'nausea', 'spinning_movements', 'loss_of_balance']", vomiting  headache  nausea  spinning_movements  loss_of_balance,23,5
Acne, skin_rash, pus_filled_pimples, blackheads, scurring,,,,,,,,,,,,,,"['skin_rash', 'pus_filled_pimples', 'blackheads', 'scurring']", skin_rash  pus_filled_pimples  blackheads  scurring,9,4
Acne, pus_filled_pimples, blackheads, scurring,,,,,,,,,,,,,,,"['pus_filled_pimples', 'blackheads', 'scurring']", pus_filled_pimples  blackheads  scurring,6,3
Acne, skin_rash, blackheads, scurring,,,,,,,,,,,,,,,"['skin_rash', 'blackheads', 'scurring']", skin_rash  blackheads  scurring,7,3
Acne, skin_rash, pus_filled_pimples, scurring,,,,,,,,,,,,,,,"['skin_rash', 'pus_filled_pimples', 'scurring']", skin_rash  pus_filled_pimples  scurring,7,3
Acne, skin_rash, pus_filled_pimples, blackheads,,,,,,,,,,,,,,,"['skin_rash', 'pus_filled_pimples', 'blackheads']", skin_rash  pus_filled_pimples  blackheads,7,3
Urinary tract infection, burning_micturition, bladder_discomfort, foul_smell_of urine, continuous_feel_of_urine,,,,,,,,,,,,,,"['burning_micturition', 'bladder_discomfort', 'foul_smell_of urine', 'continuous_feel_of_urine']", burning_micturition  bladder_discomfort  foul_smell_of urine  continuous_feel_of_urine,16,4
Urinary tract infection, bladder_discomfort, foul_smell_of urine, continuous_feel_of_urine,,,,,,,,,,,,,,,"['bladder_discomfort', 'foul_smell_of urine', 'continuous_feel_of_urine']", bladder_discomfort  foul_smell_of urine  continuous_feel_of_urine,10,3
Urinary tract infection, burning_micturition, foul_smell_of urine, continuous_feel_of_urine,,,,,,,,,,,,,,,"['burning_micturition', 'foul_smell_of urine', 'continuous_feel_of_urine']", burning_micturition  foul_smell_of urine  continuous_feel_of_urine,12,3
Urinary tract infection, burning_micturition, bladder_discomfort, continuous_feel_of_urine,,,,,,,,,,,,,,,"['burning_micturition', 'bladder_discomfort', 'continuous_feel_of_urine']", burning_micturition  bladder_discomfort  continuous_feel_of_urine,16,3
Urinary tract infection, burning_micturition, bladder_discomfort, foul_smell_of urine,,,,,,,,,,,,,,,"['burning_micturition', 'bladder_discomfort', 'foul_smell_of urine']", burning_micturition  bladder_discomfort  foul_smell_of urine,10,3
Psoriasis, skin_rash, joint_pain, skin_peeling, silver_like_dusting, small_dents_in_nails, inflammatory_nails,,,,,,,,,,,,"['skin_rash', 'joint_pain', 'skin_peeling', 'silver_like_dusting', 'small_dents_in_nails', 'inflammatory_nails']", skin_rash  joint_pain  skin_peeling  silver_like_dusting  small_dents_in_nails  inflammatory_nails,15,6
Psoriasis, joint_pain, skin_peeling, silver_like_dusting, small_dents_in_nails, inflammatory_nails,,,,,,,,,,,,,"['joint_pain', 'skin_peeling', 'silver_like_dusting', 'small_dents_in_nails', 'inflammatory_nails']", joint_pain  skin_peeling  silver_like_dusting  small_dents_in_nails  inflammatory_nails,12,5
Psoriasis, skin_rash, skin_peeling, silver_like_dusting, small_dents_in_nails, inflammatory_nails,,,,,,,,,,,,,"['skin_rash', 'skin_peeling', 'silver_like_dusting', 'small_dents_in_nails', 'inflammatory_nails']", skin_rash  skin_peeling  silver_like_dusting  small_dents_in_nails  inflammatory_nails,12,5
Psoriasis, skin_rash, joint_pain, silver_like_dusting, small_dents_in_nails, inflammatory_nails,,,,,,,,,,,,,"['skin_rash', 'joint_pain', 'silver_like_dusting', 'small_dents_in_nails', 'inflammatory_nails']", skin_rash  joint_pain  silver_like_dusting  small_dents_in_nails  inflammatory_nails,12,5
Psoriasis, skin_rash, joint_pain, skin_peeling, small_dents_in_nails, inflammatory_nails,,,,,,,,,,,,,"['skin_rash', 'joint_pain', 'skin_peeling', 'small_dents_in_nails', 'inflammatory_nails']", skin_rash  joint_pain  skin_peeling  small_dents_in_nails  inflammatory_nails,13,5
Psoriasis, skin_rash, joint_pain, skin_peeling, silver_like_dusting, inflammatory_nails,,,,,,,,,,,,,"['skin_rash', 'joint_pain', 'skin_peeling', 'silver_like_dusting', 'inflammatory_nails']", skin_rash  joint_pain  skin_peeling  silver_like_dusting  inflammatory_nails,13,5
Psoriasis, skin_rash, joint_pain, skin_peeling, silver_like_dusting, small_dents_in_nails,,,,,,,,,,,,,"['skin_rash', 'joint_pain', 'skin_peeling', 'silver_like_dusting', 'small_dents_in_nails']", skin_rash  joint_pain  skin_peeling  silver_like_dusting  small_dents_in_nails,13,5
Impetigo, skin_rash, high_fever, blister, red_sore_around_nose, yellow_crust_ooze,,,,,,,,,,,,,"['skin_rash', 'high_fever', 'blister', 'red_sore_around_nose', 'yellow_crust_ooze']", skin_rash  high_fever  blister  red_sore_around_nose  yellow_crust_ooze,19,5
Impetigo, high_fever, blister, red_sore_around_nose, yellow_crust_ooze,,,,,,,,,,,,,,"['high_fever', 'blister', 'red_sore_around_nose', 'yellow_crust_ooze']", high_fever  blister  red_sore_around_nose  yellow_crust_ooze,16,4
Impetigo, skin_rash, blister, red_sore_around_nose, yellow_crust_ooze,,,,,,,,,,,,,,"['skin_rash', 'blister', 'red_sore_around_nose', 'yellow_crust_ooze']", skin_rash  blister  red_sore_around_nose  yellow_crust_ooze,12,4
Impetigo, skin_rash, high_fever, red_sore_around_nose, yellow_crust_ooze,,,,,,,,,,,,,,"['skin_rash', 'high_fever', 'red_sore_around_nose', 'yellow_crust_ooze']", skin_rash  high_fever  red_sore_around_nose  yellow_crust_ooze,15,4
Impetigo, skin_rash, high_fever, blister, yellow_crust_ooze,,,,,,,,,,,,,,"['skin_rash', 'high_fever', 'blister', 'yellow_crust_ooze']", skin_rash  high_fever  blister  yellow_crust_ooze,17,4
Impetigo, skin_rash, high_fever, blister, red_sore_around_nose,,,,,,,,,,,,,,"['skin_rash', 'high_fever', 'blister', 'red_sore_around_nose']", skin_rash  high_fever  blister  red_sore_around_nose,16,4
